smiles,±Í«©,Caspase-3/7 HepG2,CYP1A2 Antag,CYP2C19 Antag,CYP2C9 Antag,CYP3A4 Antag,CYP3A7 Antag,ARE Agon,Mito Membrane Disrupt,ER Stress,ER-beta Agon,PPARg Agon,RAR Agon,ERR Antag,GR Antag,PPARd Antag,PPARg Antag,TR Antag,MDR-1,HPGD Inhib
C1=CC(=CC=C1C(=O)NCC(=O)O)N,0,0,0,0,0,0,,0,0,0,0,0,0,0,0,0,0,0,,0
CC(C)C1=C(C(=C(N1CCC(CC(CC(=O)O)O)O)C2=CC=C(C=C2)F)C3=CC=CC=C3)C(=O)NC4=CC=CC=C4,1,1,0,,,1,,,,0,0,,,0,,0,,,,0
C(C1C(C(C(C(O1)O)O)O)O)O,0,,,,,,,,,,,,,,,,,,,
CC(C)CC(C(=O)NC(C(C)C)C(=O)O)NC(=O)CNC(=O)C(CCC(=O)N)NC(=O)C(CC(C)C)NC(=O)C(CC(C)C)NC(=O)C(CCCNC(=N)N)NC(=O)C(CCC(=O)N)NC(=O)C(CC(C)C)NC(=O)C(CCCNC(=N)N)NC(=O)C(C)NC(=O)C(CO)NC(=O)C(CC(=O)O)NC(=O)C(CCCNC(=N)N)NC(=O)C(CC(C)C)NC(=O)C(CCCNC(=N)N)NC(=O)C(CO)NC(=O)C(CC(C)C)NC(=O)C(CCC(=O)O)NC(=O)C(CO)NC(=O)C(C(C)O)NC(=O)C(CC1=CC=CC=C1)NC(=O)C(C(C)O)NC(=O)CNC(=O)C(CC(=O)O)NC(=O)C(CO)NC(=O)C(CC2=NC=CN2)N,0,,,,,,,,,,,,,,,,,,,
O[Fe]=O.O[Fe]=O.[Fe],0,,,,,,,,,,,,,,,,,,,
CN1CCC23CCCCC2C1CC4=C3C=C(C=C4)O,0,,,,,,,,,,,,,,,,,,,
[O-2].[O-2].[O-2].[O-2].[Fe+2].[Fe+3].[Fe+3],0,,,,,,,,,,,,,,,,,,,
CCN(CC)CCCC(C)NC1=C2C=CC(=CC2=NC=C1)Cl,1,,,,,,,,,,,,,,,,,,,
C1=C2C(=CC(=C1Cl)S(=O)(=O)N)S(=O)(=O)N=CN2,1,0,,0,,0,0,0,0,,0,0,0,0,0,0,0,0,,0
CCC(C)CCCCC(=O)NC(CCN)C(=O)NC(C(C)O)C(=O)NC(CCN)C(=O)NC1CCNC(=O)C(NC(=O)C(NC(=O)C(NC(=O)C(NC(=O)C(NC(=O)C(NC1=O)CCN)CC2=CC=CC=C2)CC(C)C)CCN)CCN)C(C)O.OS(=O)(=O)O,0,,,,,,,,,,,,,,,,,,,0
CCOC(=O)C1=C2CN(C(=O)C3=C(N2C=N1)C=CC(=C3)F)C,0,0,0,0,,0,0,0,0,0,0,0,0,0,0,0,0,0,,0
COC1=C2C(=CC3=C1OC=C3)C=CC(=O)O2,1,0,1,1,1,1,1,0,0,0,0,0,0,0,0,0,0,0,1,0
CN1C(NC2=CC(=C(C=C2S1(=O)=O)S(=O)(=O)N)Cl)CSCC(F)(F)F,0,0,0,0,,,1,,0,,0,0,0,,0,,0,0,,
CC(C)C1=C(C(=CC=C1)C(C)C)O,1,1,,0,1,,1,0,0,0,0,0,0,0,0,0,0,0,,0
CN1CCCN=C1C=CC2=CC=CS2,0,,,,,,,,,,,,,,,,,,,
CCC1=C(C(=NC(=N1)N)N)C2=CC=C(C=C2)Cl,1,0,,1,,0,,1,0,0,0,,0,1,,0,,,,0
CN(C)CC=C(C1=CC=C(C=C1)Br)C2=CN=CC=C2,1,,,,,,,,,,,,,,,,,,,
CC12CCC3C(C1CCC2O)CCC4=C3C=CC(=C4)O,1,1,,1,0,0,1,0,0,0,1,0,0,1,,0,1,,,0
C1CNP(=O)(OC1)N(CCCl)CCCl,1,,,,,,,,,,,,,,,,,,,0
C1=NC2=C(N1)C(=S)N=CN2,1,0,,1,1,0,,1,0,,0,,0,1,,,,0,,
CN(C)CCC(C1=CC=C(C=C1)Cl)C2=CC=CC=N2,0,,,,,,,,,,,,,,,,,,,
CCOC(=O)C(C)(C)OC1=CC=C(C=C1)Cl,1,0,,0,0,0,0,0,0,0,,0,,0,0,0,0,0,,0
C1=CC(=C(C=C1CCN)O)O,0,0,0,0,0,0,,1,0,0,0,0,0,0,0,0,0,,,0
CC1=CC(=C(C=C1)C)OCCCC(C)(C)C(=O)O,1,0,,1,1,0,,0,0,0,0,0,0,0,0,,,0,,0
CNCCC(C1=CC=CC=C1)OC2=CC=C(C=C2)C(F)(F)F,1,,,1,,1,1,0,0,0,0,,,,0,,,,,
CC(=O)NC1=CC=C(C=C1)O,1,0,,,0,0,,,0,0,0,0,0,0,0,0,,0,0,0
CN1C=NC(=C1SC2=NC=NC3=C2NC=N3)[N+](=O)[O-],1,0,,1,0,,,1,0,,0,0,0,0,,,0,0,1,0
CC1=C(C2=C(N1C(=O)C3=CC=C(C=C3)Cl)C=CC(=C2)OC)CC(=O)O,1,0,0,,1,,1,0,0,0,0,1,0,1,,,,0,1,0
C(C(C(C(C(CO)O)O)O)O)O,0,0,0,0,0,0,0,0,,0,,0,0,0,0,0,0,0,,
CC(C1=CC(=CC=C1)C(=O)C2=CC=CC=C2)C(=O)O,1,0,0,1,1,0,1,0,0,0,0,0,0,0,0,,,0,1,0
CC1C=CC=C(C(=O)NC2=C(C(=C3C(=C2O)C(=C(C4=C3C(=O)C(O4)(OC=CC(C(C(C(C(C(C1O)C)O)C)OC(=O)C)C)OC)C)C)O)O)C=NN5CCN(CC5)C)C,1,,,,,,,,,,,,,,,,,,1,0
CC1(C2CC3C(C(=O)C(=C(C3(C(=O)C2=C(C4=C1C=CC=C4O)O)O)O)C(=O)N)N(C)C)O,1,0,0,0,1,0,,0,0,0,0,0,0,0,0,0,0,0,,
CN(CC1=CN=C2C(=N1)C(=NC(=N2)N)N)C3=CC=C(C=C3)C(=O)NC(CCC(=O)O)C(=O)O,1,0,0,0,,0,0,,0,,0,,0,1,0,0,,,,
C1=CC=C(C=C1)C2(C(=O)NC(=O)N2)C3=CC=CC=C3,1,0,,1,1,0,,0,0,0,0,0,0,,0,0,0,0,,0
CCC1(C(=O)NC(=O)NC1=O)C2=CC=CC=C2,1,0,,0,0,0,,0,0,0,0,0,0,0,0,0,0,0,,0
C1=NC2=C(N1COCCO)N=C(NC2=O)N,1,0,0,0,0,0,0,0,0,0,0,0,0,0,0,0,0,0,1,0
C1CC1NC2=C3C(=NC(=N2)N)N(C=N3)C4CC(C=C4)CO,1,,,,,,1,,,,,,,,,,,,,
C1CC2=CC=CC=C2C(C3=CC=CC=C31)NCCCCCCC(=O)O,1,0,0,0,0,0,0,0,0,0,0,0,0,0,0,0,0,0,,
C1=NNC2=C1C(=O)NC=N2,1,0,0,0,0,0,0,0,0,0,0,0,0,1,0,0,0,0,,0
CCCCC1=C(C2=CC=CC=C2O1)C(=O)C3=CC(=C(C(=C3)I)OCCN(CC)CC)I,1,1,0,1,1,0,1,0,0,,0,,,1,,,,,,0
CC1(C(N2C(S1)C(C2=O)NC(=O)C(C3=CC=CC=C3)N)C(=O)O)C,1,0,0,0,0,0,0,0,0,0,0,0,,0,0,0,0,0,,0
CN(C)CCC=C1C2=CC=CC=C2CCC3=CC=CC=C31,1,,,,,,1,,,,,,,,,,,,,0
CC1C=CC=CC=CC=CC=CC=CC=CC(CC2C(C(CC(O2)(CC(CC(C(CCC(CC(CC(=O)OC(C(C1O)C)C)O)O)O)O)O)O)O)C(=O)O)OC3C(C(C(C(O3)C)O)N)O,1,,,,,,,,,,,,,,,,,,,0
CC(=O)OC1=CC=CC=C1C(=O)O,1,0,0,1,,0,1,0,0,0,0,0,0,0,0,,0,0,,0
CC(C(=O)C1=CC(=CC=C1)Cl)NC(C)(C)C,1,,,,,,,,,,,,,,,,,,,
COC1=C(C=C2C(=C1)CC(C2=O)CC3CCN(CC3)CC4=CC=CC=C4)OC,1,,,,,,,,,,,,,,,,,,,
CC(CS(=O)(=O)C1=CC=C(C=C1)F)(C(=O)NC2=CC(=C(C=C2)C#N)C(F)(F)F)O,1,0,0,1,1,1,,1,1,0,0,,0,,,0,0,,,
CC(CS)C(=O)N1CCCC1C(=O)O,1,0,0,1,,0,,0,0,,0,0,0,0,,,0,0,,0
C1=CC=C2C(=C1)C=CC3=CC=CC=C3N2C(=O)N,1,0,,1,,,0,0,0,0,0,0,0,,,0,0,0,,0
C1CC(C1)(C(=O)O)C(=O)O.[NH2-].[NH2-].[Pt+2],1,0,1,1,1,0,,1,,0,0,,0,0,,0,0,,,
CC(C)(C(=O)O)ON=C(C1=CSC(=N1)N)C(=O)NC2C3N(C2=O)C(=C(CS3)C[N+]4=CC=CC=C4)C(=O)[O-],1,,,,,,,,,,,,,,,,,,,
N.N.Cl[Pt]Cl,1,,,,,,,,,,,,,,,,,,,
CN(C)CCCN1C2=CC=CC=C2SC3=C1C=C(C=C3)Cl,1,,1,1,0,0,1,,0,0,0,,,,0,,,,,0
CN1CCN(CC1)C(C2=CC=CC=C2)C3=CC=C(C=C3)Cl,1,,,,,,,,,,,,,,,,,,,
C1=CC2=C(C=C1Cl)NC(=O)O2,1,0,1,0,0,0,,0,0,0,0,0,0,0,0,,0,0,1,0
C(C(CS)S)O,0,,,,,,1,,0,,,,,,1,,,,,
CC(=O)NC1CCC2=CC(=C(C(=C2C3=CC=C(C(=O)C=C13)OC)OC)OC)OC,0,0,,1,,0,0,1,0,0,0,,0,0,,,,,0,0
CC(C)CC(C(=O)NC(CCC(=O)O)C(=O)NC(CC1=CC=CC=C1)C(=O)O)NC(=O)C2CCCN2C(=O)C(CC3=CC=CC=C3)NC(=O)C(C)NC(=O)C(CCC(=O)O)NC(=O)C(C)NC(=O)C(CO)NC(=O)C(CCC(=O)O)NC(=O)C(CC(=O)O)NC(=O)C(CCC(=O)O)NC(=O)C(C)NC(=O)CNC(=O)C(CC(=O)N)NC(=O)C4CCCN4C(=O)C(CC5=CC=C(C=C5)O)NC(=O)C(C(C)C)NC(=O)C(CCCCN)NC(=O)C(C(C)C)NC(=O)C6CCCN6C(=O)C(CCCNC(=N)N)NC(=O)C(CCCNC(=N)N)NC(=O)C(CCCCN)NC(=O)C(CCCCN)NC(=O)CNC(=O)C(C(C)C)NC(=O)C7CCCN7C(=O)C(CCCCN)NC(=O)CNC(=O)C(CC8=CNC9=CC=CC=C98)NC(=O)C(CCCNC(=N)N)NC(=O)C(CC1=CC=CC=C1)NC(=O)C(CC1=CN=CN1)NC(=O)C(CCC(=O)O)NC(=O)C(CCSC)NC(=O)C(CO)NC(=O)C(CC1=CC=C(C=C1)O)NC(=O)C(CO)N,0,,,,,,,,,,,,,,,,,,,
CC1C(C(=O)NC(C(=O)N2CCCC2C(=O)N(CC(=O)N(C(C(=O)O1)C(C)C)C)C)C(C)C)NC(=O)C3=C4C(=C(C=C3)C)OC5=C(C(=O)C(=C(C5=N4)C(=O)NC6C(OC(=O)C(N(C(=O)CN(C(=O)C7CCCN7C(=O)C(NC6=O)C(C)C)C)C)C(C)C)C)N)C,1,1,0,,0,,1,,0,1,0,,,0,,1,,,,0
CN(C)C1C2CC3C(C4=C(C=CC(=C4C(=C3C(=O)C2(C(=C(C1=O)C(=O)N)O)O)O)O)Cl)O,0,,,,,,,,,,,,,,,,,,,
C1=CC=C(C(=C1)CC(=O)O)NC2=C(C=CC=C2Cl)Cl,1,,,,,,,,,,,,,,,,,,,
C1C(=O)NC(=O)N1N=CC2=CC=C(O2)C3=CC=C(C=C3)[N+](=O)[O-],1,,,,,,,,,,,,,,,,,,,
CCC(=O)OC(CC1=CC=CC=C1)(C2=CC=CC=C2)C(C)CN(C)C,1,,,,,,,,,,,,,,,,,,,
CN(C)CCOC(C1=CC=CC=C1)C2=CC=CC=C2,0,0,,0,0,0,0,0,0,0,0,0,0,0,,,0,,,0
CC1C(C(CC(O1)OC2CC(CC3=C2C(=C4C(=C3O)C(=O)C5=C(C4=O)C(=CC=C5)OC)O)(C(=O)CO)O)N)O,0,,,,,,,,,,,,,,,,,,,
C1=CC(=C(C=C1C2=C(C=C(C=C2)F)F)C(=O)O)O,1,0,0,0,1,0,,,0,0,,,0,0,,,1,0,,0
CCC1C(C(C(C(=O)C(CC(C(C(C(C(C(=O)O1)C)OC2CC(C(C(O2)C)O)(C)OC)C)OC3C(C(CC(O3)C)N(C)C)O)(C)O)C)C)O)(C)O,1,0,0,0,0,1,,0,0,,0,0,,0,0,0,0,0,1,
CC1OCC2C(O1)C(C(C(O2)OC3C4COC(=O)C4C(C5=CC6=C(C=C35)OCO6)C7=CC(=C(C(=C7)OC)O)OC)O)O,1,1,0,,,1,,,0,,0,,,1,0,,,,,
C1=C(N=C(S1)N=C(N)N)CSCCC(=NS(=O)(=O)N)N,1,0,0,0,0,0,0,0,0,0,0,0,0,0,0,0,0,0,,0
C1=CC=C(C=C1)C(COC(=O)N)COC(=O)N,1,0,0,0,,0,0,0,0,0,0,0,0,0,0,0,0,0,,0
CC(C)C(=O)NC1=CC(=C(C=C1)[N+](=O)[O-])C(F)(F)F,1,0,1,1,1,1,1,,,0,0,0,0,1,,0,0,1,1,0
CC(C1=CC(=CC=C1)OC2=CC=CC=C2)C(=O)O,1,,,,,,,,,,,,,,,,,,,0
C(=O)(N)NO,1,0,0,0,,0,0,0,0,0,0,0,0,0,0,0,0,0,,0
CN(C)CCCN1C2=CC=CC=C2CCC3=CC=CC=C31,1,0,0,,0,0,1,,0,0,0,,0,0,,0,,,,0
CC1=C(C=C(C=C1)NC(=O)C2=CC=C(C=C2)CN3CCN(CC3)C)NC4=NC=CC(=N4)C5=CN=CC=C5,1,,,,,,1,,,,,,,,,,,,,0
CC(C)NNC(=O)C1=CC=NC=C1,1,,,,,,,,,,,,,,,,,,,0
CC(C)OC(=O)C(C)(C)OC1=CC=C(C=C1)C(=O)C2=CC=C(C=C2)Cl,1,0,1,1,1,0,,,,0,0,0,,1,0,,,,,
CC(=O)N1CCN(CC1)C2=CC=C(C=C2)OCC3COC(O3)(CN4C=CN=C4)C5=C(C=C(C=C5)Cl)Cl,1,1,1,1,1,1,1,1,0,,0,0,,1,0,,,,1,0
CC(CCC1=CC=CC=C1)NCC(C2=CC(=C(C=C2)O)C(=O)N)O,1,,,,,,,,,,,,,,,,,,,
CC1=C(C=NO1)C(=O)NC2=CC=C(C=C2)C(F)(F)F,1,,1,1,1,1,,1,,,0,0,1,0,0,,0,,0,0
CC1=C(C(=CC=C1)NC2=CC=CC=C2C(=O)O)C,1,0,1,0,1,0,1,,0,0,0,0,0,0,0,0,1,1,,0
CC1=CN=C(S1)NC(=O)C2=C(C3=CC=CC=C3S(=O)(=O)N2C)O,1,0,,0,1,,1,,0,0,0,0,0,0,0,,,0,,0
CCC1=NN(C(=O)N1CCOC2=CC=CC=C2)CCCN3CCN(CC3)C4=CC(=CC=C4)Cl,1,,,,,,,,,,,,,,,,,,,
CN(C)C(=N)N=C(N)N,1,0,0,0,0,0,,0,0,0,0,0,0,0,0,0,0,0,,0
CC(CC1=CC(=C(C=C1)O)O)(C(=O)O)N,1,0,0,0,,0,,0,0,0,0,0,0,0,0,0,0,0,1,
C1=CC(=C(C=C1N=NC2=CC(=C(C=C2)O)C(=O)O)C(=O)O)O,1,,,,,,,,,,,,,,,,,,,
C1C(=O)NC(=O)N1N=CC2=CC=C(O2)[N+](=O)[O-],1,0,0,1,0,0,1,1,0,0,0,,0,1,,0,,0,1,0
C1CNCC(C1C2=CC=C(C=C2)F)COC3=CC4=C(C=C3)OCO4,1,,1,0,0,,1,,0,0,0,,0,0,,,,,,
C1=CC(=CC=C1C(=N)N)OCCCCCOC2=CC=C(C=C2)C(=N)N,1,,,,,,,,,,,,,,,,,,,
CC12CCN(C1N(C3=C2C=C(C=C3)OC(=O)NC)C)C,0,0,,1,1,,0,1,0,0,0,0,0,0,,0,0,0,,0
C1CCC(CC1)C(CC2CCCCN2)C3CCCCC3,1,,,,,,,,,,,,,,,,,,,
CCC1=CN=C(C=C1)CCOC2=CC=C(C=C2)CC3C(=O)NC(=O)S3,1,,,,,,,,,,,,,,,,,,,
CCCC1=CC(=O)NC(=S)N1,1,0,,0,0,,,0,0,0,,0,0,0,0,0,0,0,0,0
CN(CCOC1=CC=C(C=C1)CC2C(=O)NC(=O)S2)C3=CC=CC=N3,1,0,0,0,0,0,1,0,0,0,0,1,0,0,,,,,,
CC(C(C1=CC=CC=C1)O)NC,0,,,,,,,,,,,,,,,,,,,
CC1C=CC=C(C(=O)NC2=C(C3=C(C4=C(C(=C3O)C)OC(C4=O)(OC=CC(C(C(C(C(C(C1O)C)O)C)OC(=O)C)C)OC)C)C5=NC6(CCN(CC6)CC(C)C)N=C25)O)C,1,,,,,,,,,,,,,,,,,,,
CNC(=C[N+](=O)[O-])NCCSCC1=CC=C(O1)CN(C)C,1,0,0,0,0,0,1,0,0,0,,0,0,0,0,,0,0,,0
CCC(C)(C)C(=O)OC1CC(C=C2C1C(C(C=C2)C)CCC3CC(CC(=O)O3)O)C,1,0,,,1,1,1,1,0,0,0,0,0,0,0,,,0,1,
CC(=O)SC1CC2=CC(=O)CCC2(C3C1C4CCC5(C4(CC3)C)CCC(=O)O5)C,1,0,1,1,,,,,0,0,0,,,1,1,,1,,,
CC1=CN(C(=O)NC1=O)C2C=CC(O2)CO,1,0,,0,,0,0,0,0,0,0,0,0,0,0,0,0,0,,0
CC1C(C(C(O1)OC2C(C(C(C(C2O)O)N=C(N)N)O)N=C(N)N)OC3C(C(C(C(O3)CO)O)O)NC)(C=O)O,0,,,,,,,,,,,,,,,,,,,0
CCC(=C(C1=CC=CC=C1)C2=CC=C(C=C2)OCCN(C)C)C3=CC=CC=C3,1,1,0,,0,,,,1,1,0,,,1,,0,,,,0
C1=CN=C(N=C1)NS(=O)(=O)C2=CC=C(C=C2)N,1,,,,,,0,,0,,,0,,,0,,,0,,0
C1=CC=NC(=C1)NS(=O)(=O)C2=CC=C(C=C2)N=NC3=CC(=C(C=C3)O)C(=O)O,1,0,0,1,1,0,,0,0,0,0,0,0,0,0,0,0,0,0,1
CC1=C(C2=C(C1=CC3=CC=C(C=C3)S(=O)C)C=CC(=C2)F)CC(=O)O,1,0,1,1,1,1,,1,,0,0,0,,0,0,,,0,,0
CN1C(=O)N2C=NC(=C2N=N1)C(=O)N,1,0,0,0,0,0,0,0,0,0,0,0,0,0,0,0,0,0,,
CN1C2=C(C(=O)N(C1=O)C)NC=N2,0,0,,0,0,0,0,0,0,0,0,0,0,0,0,,,0,,0
C1CN=C(N1)NC2=C(C=CC3=NSN=C32)Cl,1,0,0,0,0,0,0,0,0,,0,0,0,0,0,0,0,,,
CC1=CC=C(C=C1)C(=O)C2=CC(=C(C(=C2)O)O)[N+](=O)[O-],1,,0,0,1,0,1,,0,0,0,,0,1,1,,,,,
CCCC(CCC)C(=O)O,1,0,1,0,,0,0,0,0,0,0,0,0,0,0,,0,0,,0
CC1C(C(CC(O1)OC2C(C(C(OC2OC3=C4C=C5C=C3OC6=C(C=C(C=C6)C(C(C(=O)NC(C(=O)NC5C(=O)NC7C8=CC(=C(C=C8)O)C9=C(C=C(C=C9O)O)C(NC(=O)C(C(C1=CC(=C(O4)C=C1)Cl)O)NC7=O)C(=O)O)CC(=O)N)NC(=O)C(CC(C)C)NC)O)Cl)CO)O)O)(C)N)O,1,,,,,,,,,,,,,,,,,,,
CC1=C(C(CCC1)(C)C)C=CC(=CC=CC(=CCO)C)C,1,0,1,1,1,1,,1,0,0,0,0,1,0,0,,,,,0
CC1=CN(C(=O)NC1=O)C2CC(C(O2)CO)N=[N+]=[N-],1,0,0,1,,0,0,0,0,0,0,0,0,0,0,0,0,0,,0
CC1=CC=C(C=C1)C2=C(N3C=C(C=CC3=N2)C)CC(=O)N(C)C,0,0,1,0,0,1,1,0,,0,0,0,1,0,,0,0,0,,
C1=CC=C2C(=C1)C(=NO2)CS(=O)(=O)N,1,0,0,0,0,0,0,0,0,0,0,0,0,0,0,0,0,0,,0
CC12CCC3C(C1CCC2C(=O)NC(C)(C)C)CCC4C3(C=CC(=O)N4)C,1,0,0,1,1,,0,,0,0,0,0,0,1,0,0,0,0,,
C1=CN=C(C=N1)C(=O)N,1,0,0,0,0,0,0,0,0,,1,0,0,0,0,0,0,0,0,0
CC1=C(C2=C(CCC(O2)(C)COC3=CC=C(C=C3)CC4C(=O)NC(=O)S4)C(=C1O)C)C,1,0,0,1,1,1,1,1,0,,0,1,0,1,,0,,,,0
CC(C)N1C2=CC=CC=C2C(=C1C=CC(CC(CC(=O)O)O)O)C3=CC=C(C=C3)F,1,1,,,1,1,,,0,0,0,,0,0,1,0,1,,,
CCC1=C(CN(C1=O)C(=O)NCCC2=CC=C(C=C2)S(=O)(=O)NC(=O)NC3CCC(CC3)C)C,1,0,0,0,1,0,1,,0,0,0,,0,0,0,0,1,0,,0
CN(C)CC(C1=CC=C(C=C1)OC)C2(CCCCC2)O,1,0,0,0,0,0,0,,0,0,0,0,0,0,0,0,0,0,,0
CCC1(CC2CC(C3=C(CCN(C2)C1)C4=CC=CC=C4N3)(C5=C(C=C6C(=C5)C78CCN9C7C(C=CC9)(C(C(C8N6C)(C(=O)OC)O)OC(=O)C)CC)OC)C(=O)OC)O,0,,,,,,,,,,,,,,,,,,,
CCOC(=O)C1=C(NC(=C(C1C2=CC=CC=C2Cl)C(=O)OC)C)COCCN,1,,,,,,1,,,,,,,,,,,,,
C1=CC(=C(C=C1F)F)C(CN2C=NC=N2)(CN3C=NC=N3)O,1,0,,1,1,1,1,0,0,0,0,0,0,0,0,0,0,0,,0
C1CC1N2C=C(C(=O)C3=CC(=C(C=C32)N4CCNCC4)F)C(=O)O,1,,,,,,,,,,,,,,,,,,,
CC12CC(=O)C3C(C1CCC2(C(=O)CO)O)CCC4=CC(=O)C=CC34C,1,0,,1,,,1,,0,0,0,0,0,0,1,0,0,0,,0
C1=CC=C(C(=C1)C2=NC(C(=O)NC3=C2C=C(C=C3)Cl)O)Cl,0,,,,,,,,0,,,0,,,,,,0,,0
CCC(C)N1C(=O)N(C=N1)C2=CC=C(C=C2)N3CCN(CC3)C4=CC=C(C=C4)OCC5COC(O5)(CN6C=NC=N6)C7=C(C=C(C=C7)Cl)Cl,1,0,0,,1,1,1,1,0,0,0,0,0,1,,0,0,,,
C1CCN(CC1)CCOC2=CC=C(C=C2)C(=O)C3=C(SC4=C3C=CC(=C4)O)C5=CC=C(C=C5)O,0,1,0,1,1,1,,0,,0,,,,1,,,,,,0
CC#CC1(CCC2C1(CC(C3=C4CCC(=O)C=C4CCC23)C5=CC=C(C=C5)N(C)C)C)O,0,0,,1,1,1,1,1,0,0,0,,,,1,,1,,1,0
CN(C)CCCN1C2=CC=CC=C2CCC3=C1C=C(C=C3)Cl,1,1,,1,0,1,1,0,0,0,,,,,0,1,,,,0
CCC1C(C(C(C(=O)C(CC(C(C(C(C(C(=O)O1)C)OC2CC(C(C(O2)C)O)(C)OC)C)OC3C(C(CC(O3)C)N(C)C)O)(C)OC)C)C)O)(C)O,1,0,0,1,0,1,,0,0,0,0,0,0,0,0,0,0,0,,
CCC(C)C(=O)OC1CC(C=C2C1C(C(C=C2)C)CCC(CC(CC(=O)O)O)O)O,1,,,,,,0,,,,,,,,,,,,,
CC(C)CC1=CC=C(C=C1)C(C)C(=O)O,1,0,0,0,1,0,0,,0,0,0,0,,0,0,0,,0,,0
CC12CCC(=O)C=C1CCC3C2C(CC4(C3CCC4(C(=O)CO)O)C)O,0,0,,,0,,0,0,0,0,0,0,0,,,,0,0,,0
CC(C)NCC(C1=CC(=C(C=C1)O)O)O,0,0,0,0,,0,1,,0,0,0,0,0,0,0,0,0,0,,
CC(=O)C1CCC2C1(CCC3C2CCC4=CC(=O)CCC34C)C,1,0,,1,1,0,,,0,,0,,,1,,,,1,1,0
CC(C)C(C)C=CC(C)C1CCC2C1(CCCC2=CC=C3CC(CCC3=C)O)C,0,,,,,,,,,,,,,,,,,,1,
C1CN2C(=CC=C2C(=O)C3=CC=CC=C3)C1C(=O)O,1,,,,,,,,,,,,,,,,,,,
CC(CN1C2=CC=CC=C2SC3=CC=CC=C31)N(C)C,1,0,1,1,,0,1,0,0,0,0,0,,0,,,,,,
CC1=CN=C(C(=C1OC)C)CS(=O)C2=NC3=C(N2)C=C(C=C3)OC,1,0,1,1,1,1,1,1,0,,0,0,1,1,0,0,1,0,1,
COC1=CC=CC=C1OCCNCC(COC2=CC=CC3=C2C4=CC=CC=C4N3)O,1,,,,,,,,,,,,,,,,,,,
C1=CN(C(=O)N=C1N)C2C(C(C(O2)CO)O)O,1,0,0,0,0,0,,0,0,0,,0,0,0,,0,0,,,0
CCCN1CC(CC2C1CC3=CNC4=CC=CC2=C34)CSC,0,,,,,,,,,,,,,,,,,,,0
CC12CCC(=O)C=C1CCC3C2CCC4(C3CCC4(C)O)C,1,0,,1,1,0,1,,0,,1,0,0,1,1,,0,,,0
CN(C)CCCC1(C2=C(CO1)C=C(C=C2)C#N)C3=CC=C(C=C3)F,1,,,,,,,,,,,,,,,,,,,0
CC1=C(C(C(=C(N1)C)C(=O)OCC(C)C)C2=CC=CC=C2[N+](=O)[O-])C(=O)OC,0,0,1,1,1,1,1,,0,0,0,,,1,,,,,,
CC12CCC3C(C1CCC2O)CCC4=CC(=O)CCC34C,1,0,,0,,0,,1,0,0,1,0,0,1,1,,0,1,,0
C1CCC(CC1)C(=O)N2CC3C4=CC=CC=C4CCN3C(=O)C2,0,0,1,1,0,,1,0,0,0,0,0,0,,0,0,0,0,,0
C1CN(CC2=C1SC=C2)CC3=CC=CC=C3Cl,1,0,1,1,1,,1,0,0,0,0,0,0,0,0,0,0,,,0
CN1C(=O)CN=C(C2=C1C=CC(=C2)Cl)C3=CC=CC=C3,0,0,0,1,1,,,0,0,,,0,0,,1,,0,,,
CCN(CC)CCOC1=CC=C(C=C1)C(=C(C2=CC=CC=C2)Cl)C3=CC=CC=C3,1,,,,,,,,,,,,,,,,,,,
CC1=C(C(CCC1)(C)C)C=CC(=CC=CC(=CC(=O)O)C)C,1,0,1,1,1,1,,,0,,0,1,1,0,,,,,1,0
CC12CCC3C(C1CCC2(C)O)CCC4C3(CC(=CO)C(=O)C4)C,1,1,,,1,1,1,1,0,1,,,,1,0,,,1,,0
CCC1=C2C(=CC=C1)C3=C(N2)C(OCC3)(CC)CC(=O)O,1,0,,1,1,0,,1,0,,0,0,0,,0,0,,0,1,0
CC1=CN=C(C=N1)C(=O)NCCC2=CC=C(C=C2)S(=O)(=O)NC(=O)NC3CCCCC3,1,0,0,0,1,0,,1,0,0,0,0,,0,0,0,,0,1,0
C1=CC=C(C=C1)C(C2=CC=CC=C2)(C3=CC=CC=C3Cl)N4C=CN=C4,1,0,1,1,1,1,1,1,0,,,,,1,1,1,,,1,0
C1=CC=C(C=C1)C2C(=O)N=C(O2)N,1,0,0,0,0,0,0,0,0,0,0,0,0,0,,0,0,,,
CC1=CC=C(C=C1)C2=CC(=NN2C3=CC=C(C=C3)S(=O)(=O)N)C(F)(F)F,1,1,,1,1,1,1,1,1,,,0,,1,1,,,,,0
C1CN(CCN1)C2=NC3=CC=CC=C3OC4=C2C=C(C=C4)Cl,0,0,,1,1,1,1,,0,0,0,0,0,0,1,,0,,1,0
CC(=O)NC1=C(C(=C(C(=C1I)C(=O)[O-])I)C(=O)NC)I.[Na+],0,0,,0,0,0,0,0,,0,0,,0,0,,0,0,,,
CC1=CC2=C(S1)NC3=CC=CC=C3N=C2N4CCN(CC4)C,1,0,0,0,0,0,1,0,0,0,0,0,0,0,0,0,0,,,0
CC1=C2C(=NC=C1)N(C3=C(C=CC=N3)C(=O)N2)C4CC4,1,0,1,,,1,,0,0,,0,0,0,,0,0,0,0,,0
CCC1(C(=O)NCNC1=O)C2=CC=CC=C2,0,0,0,0,,0,0,0,0,0,0,0,0,0,0,0,0,0,,0
CCC1=CC2CC(C3=C(CN(C2)C1)C4=CC=CC=C4N3)(C5=C(C=C6C(=C5)C78CCN9C7C(C=CC9)(C(C(C8N6C)(C(=O)OC)O)OC(=O)C)CC)OC)C(=O)OC,0,,,,,,,,,,,,,,,,,,,
CC(C)(C#N)C1=CC(=CC(=C1)CN2C=NC=N2)C(C)(C)C#N,1,0,1,1,1,1,1,0,0,0,,0,0,0,0,0,0,0,,
CC1=C(C=CN=C1CS(=O)C2=NC3=CC=CC=C3N2)OCCCOC,1,,,,,,,,,,,,,,,,,,,
CCC1C(C(C(N(CC(CC(C(C(C(C(C(=O)O1)C)OC2CC(C(C(O2)C)O)(C)OC)C)OC3C(C(CC(O3)C)N(C)C)O)(C)O)C)C)C)O)(C)O,1,0,0,0,0,1,0,,0,,,0,0,0,0,,,,,0
C1CN(CCN1CCOCCO)C2=NC3=CC=CC=C3SC4=CC=CC=C42,1,0,0,0,0,1,,0,0,0,0,0,0,0,0,,0,,,0
CC1=CC=C(C=C1)S(=O)(=O)NC(=O)NN2CCCCCC2,1,0,1,1,1,1,1,0,0,0,0,0,0,0,0,0,0,0,0,0
CC(=O)OCC(CCN1C=NC2=CN=C(N=C21)N)COC(=O)C,0,0,,0,0,0,0,0,0,0,0,0,0,0,0,0,0,0,,
CC(C)NCC(COC1=CC=C(C=C1)CC(=O)N)O,1,0,0,0,0,0,,0,0,0,0,0,0,0,0,0,0,0,,0
CCC1=C(C2=CC=CC=C2O1)C(=O)C3=CC(=C(C(=C3)Br)O)Br,1,0,0,0,1,0,1,,,0,0,1,0,,,,1,,1,1
CC(C)CC1C(=O)N2CCCC2C3(N1C(=O)C(O3)(C(C)C)NC(=O)C4CN(C5CC6=C(NC7=CC=CC(=C67)C5=C4)Br)C)O,1,,,,,,1,,0,,,,,,1,,,,,
CS(=O)(=O)OCCCCOS(=O)(=O)C,1,0,,1,,0,0,0,0,0,0,0,0,0,0,0,0,0,0,0
C1=CC(=CC=C1CCCC(=O)O)N(CCCl)CCCl,1,1,,0,0,0,,1,0,0,0,0,0,0,0,0,0,1,,0
CN1CCN(CC1)C2=NC3=C(C=CC(=C3)Cl)NC4=CC=CC=C42,1,,0,0,,,1,,0,0,0,,0,,0,,1,,,0
CN(C)N=NC1=C(NC=N1)C(=O)N,1,0,0,0,0,0,,0,0,0,,0,0,1,0,0,0,0,,0
C1=CC(=CC=C1N)S(=O)(=O)C2=CC=C(C=C2)N,1,0,,,0,,1,0,0,0,0,0,0,0,0,0,0,,,0
CC1C(C(CC(O1)OC2C(OC(CC2O)OC3C(OC(CC3O)OC4CCC5(C(C4)CCC6C5CC(C7(C6(CCC7C8=CC(=O)OC8)O)C)O)C)C)C)O)O,0,,0,0,,0,0,,0,,,,0,0,,,,0,0,0
CCN(CC)C(=S)SSC(=S)N(CC)CC,1,1,1,1,1,1,1,,0,0,0,1,,1,,1,0,,1,1
CCOC(=O)C(CCC1=CC=CC=C1)NC(C)C(=O)N2CCCC2C(=O)O,1,0,0,0,0,0,0,0,0,0,0,0,0,0,0,0,0,0,,0
C1=COC(=C1)CNC2=CC(=C(C=C2C(=O)O)S(=O)(=O)N)Cl,0,0,0,1,,0,,0,0,0,0,0,0,0,0,,0,,0,0
C1CCC(CC1)(CC(=O)O)CN,1,0,0,0,0,0,,0,0,0,0,0,0,0,0,,0,0,0,0
COC1=C(C=C(C=C1)Cl)C(=O)NCCC2=CC=C(C=C2)S(=O)(=O)NC(=O)NC3CCCCC3,1,0,0,1,1,1,1,,0,0,0,,0,,0,0,1,0,1,0
C1=CN=CC=C1C(=O)NN,1,0,1,1,1,1,,0,0,0,0,0,,0,0,0,0,0,1,0
CC1=C(C=CN=C1CS(=O)C2=NC3=CC=CC=C3N2)OCC(F)(F)F,1,0,1,1,1,1,1,1,0,0,0,0,1,0,0,0,1,0,,
COC(=O)NC1=NC2=C(N1)C=C(C=C2)C(=O)C3=CC=CC=C3,1,,1,0,0,0,0,1,0,0,1,,0,0,,0,1,,1,0
CC(C)NCC(COC1=CC=C(C=C1)CCOC)O,1,0,,,,0,,,,,0,,,,,,,,,
C1CC1CN2CCC34C5C(=O)CCC3(C2CC6=C4C(=C(C=C6)O)O5)O,0,0,0,0,0,0,0,,0,0,0,0,0,0,0,0,0,0,,
C1=CC(=CN=C1)C(=O)O,1,0,0,0,0,0,0,0,0,,0,0,0,0,0,0,0,0,,0
CC1=C(C(C(=C(N1)C)C(=O)OC)C2=CC=CC=C2[N+](=O)[O-])C(=O)OC,1,0,1,1,1,1,1,0,0,0,0,0,1,,1,,0,,,1
CS(=O)(=O)NC1=C(C=C(C=C1)[N+](=O)[O-])OC2=CC=CC=C2,1,0,0,1,1,0,,,0,0,0,0,0,1,0,0,1,0,1,0
CNC(=C[N+](=O)[O-])NCCSCC1=CSC(=N1)CN(C)C,1,0,0,,0,,0,0,0,0,0,0,0,0,0,0,0,0,,0
CC(C(=O)[O-])O.[Na+],0,,,,,,,,,,,,,,,,,,,
CC(C)C(CCCN(C)CCC1=CC(=C(C=C1)OC)OC)(C#N)C2=CC(=C(C=C2)OC)OC,1,0,0,0,0,1,1,0,0,0,0,,0,0,,0,0,,,0
C1=CC=C(C=C1)C2=NC(C(=O)NC3=C2C=C(C=C3)Cl)C(=O)O,0,,,,,,,,,,,,,,,,,,,
CC1C(C(CC(O1)OC2CC(CC3=C2C(=C4C(=C3O)C(=O)C5=C(C4=O)C(=CC=C5)OC)O)(C(=O)CO)O)N)O,1,,,,,,,,,,,,,,,,,,,
C1CC(N(C1)C(=O)C(CC2=CN=CN2)NC(=O)C3CCC(=O)N3)C(=O)N,0,,,,,,,,0,,,0,,,0,,,0,,
CSCCC(C(=O)NCC(=O)NC(CC1=CNC2=CC=CC=C21)C(=O)NC(CCSC)C(=O)NC(CC(=O)O)C(=O)NC(CC3=CC=CC=C3)C(=O)N)NC(=O)C(CC4=CC=C(C=C4)OS(=O)(=O)O)NC(=O)C(CC(=O)O)N,0,,,,,,,,0,,,0,,,0,,,0,,
C(C1C(C(C(C(O1)OC2(C(C(C(O2)COS(=O)(=O)O[Al])OS(=O)(=O)O[Al])OS(=O)(=O)O[Al])COS(=O)(=O)O[Al])OS(=O)(=O)O[Al])OS(=O)(=O)O[Al])OS(=O)(=O)O[Al])OS(=O)(=O)O[Al].O.O.O.O.O.O.O.O.O.O.O.O.O.O.O.O.O.O.O.O.[Al],0,,,,,,,,,,,,,,,,,,,
Cl[Cu]Cl,0,,,,,,,,,,,,,,,,,,,
C(CNCCNCCN)N.Cl.Cl,0,,,,,,,,,,,,,,,,,,,
CCCNC(=O)NS(=O)(=O)C1=CC=C(C=C1)Cl,1,0,,0,1,0,0,0,0,,0,0,0,0,0,,0,0,0,0
CC(=O)N(CCCCCNC(=O)CCC(=O)N(CCCCCNC(=O)CCC(=O)N(CCCCCN)O)O)O,1,,,,,,,,,,,,,,,,,,,
C1C(C(OC1N2C=NC(=NC2=O)N)CO)O,0,0,0,0,0,0,0,0,0,0,0,0,0,1,0,,0,,,
CCC1C(=O)N(CC(=O)N(C(C(=O)NC(C(=O)N(C(C(=O)NC(C(=O)NC(C(=O)N(C(C(=O)N(C(C(=O)N(C(C(=O)N(C(C(=O)N1)C(C(C)CC=CC)O)C)C(C)C)C)CC(C)C)C)CC(C)C)C)C)C)CC(C)C)C)C(C)C)CC(C)C)C)C,1,0,1,1,0,1,,1,0,0,0,,0,1,,,,,1,
CCOC(=O)C1=C(NC(=C(C1C2=C(C(=CC=C2)Cl)Cl)C(=O)OC)C)C,1,0,1,1,1,1,1,1,,0,0,0,0,,1,0,0,,0,0
CC1C2C(C3C(C(=O)C(=C(C3(C(=O)C2=C(C4=C1C=CC=C4O)O)O)O)C(=O)N)N(C)C)O,1,,,,,,,,,,,,,,,,,,,0
CC12CCC3C(C1CCC2=O)CC(=C)C4=CC(=O)C=CC34C,1,0,0,1,,0,1,1,0,0,0,0,0,,,,0,,,
CC12CCC(=O)C=C1CCC3C2(C(CC4(C3CCC4(C(=O)CO)O)C)O)F,0,0,0,0,,,1,0,0,0,0,0,0,0,,0,0,0,0,
C1CN(CCN1CCCN2C3=CC=CC=C3SC4=C2C=C(C=C4)C(F)(F)F)CCO,0,1,1,0,,1,1,,0,,0,,,,,,,,,0
COC1=C(C=C2C(=C1)N=CN=C2NC3=CC(=C(C=C3)F)Cl)OCCCN4CCOCC4,1,1,0,1,0,0,1,1,,0,0,0,,1,,0,,,,0
C1CN(CCC1(C2=CC=C(C=C2)Cl)O)CCCC(=O)C3=CC=C(C=C3)F,1,,0,,0,0,,,0,0,0,0,0,1,0,0,,,0,0
C1=CC(=C(C=C1N)C(=O)O)O,1,0,,1,1,0,,0,0,0,,0,0,0,0,0,0,0,,1
CN(C)C1C2CC3CC4=C(C=CC(=C4C(=C3C(=O)C2(C(=C(C1=O)C(=O)N)O)O)O)O)N(C)C,1,,,,,,,,0,,,0,,,0,,,0,,
C(CO)N(C1=C(C(=C(C(=C1I)C(=O)NCC(CO)O)I)C(=O)NCC(CO)O)I)C(=O)CO,0,0,0,0,0,0,0,0,0,0,0,0,0,0,,0,0,0,,
C1=CC=C(C=C1)C2=C(OC(=N2)CCC(=O)O)C3=CC=CC=C3,1,0,0,0,,0,,,0,,0,1,0,0,0,0,0,0,,
CC1=C2C(C(=O)C3(C(CC4C(C3C(C(C2(C)C)(CC1OC(=O)C(C(C5=CC=CC=C5)NC(=O)C6=CC=CC=C6)O)O)OC(=O)C7=CC=CC=C7)(CO4)OC(=O)C)O)C)OC(=O)C,1,,,,,,,,0,,,0,,,,,,,,
CC1=CC=C(C=C1)N(CC2=NCCN2)C3=CC(=CC=C3)O,0,0,0,1,0,0,1,,0,0,0,0,0,0,0,0,0,,,0
COC1=C(C=C2C(=C1)C(=NC(=N2)N3CCN(CC3)C(=O)C4=CC=CO4)N)OC,0,,0,0,0,0,,0,0,0,0,0,0,0,,0,0,,,
CN1CCN(CC1)CCCN2C3=CC=CC=C3SC4=C2C=C(C=C4)Cl,1,,,,,,,,,,,,,,,,,,,0
CCC(C)C(C(=O)NC(CO)C(=O)NC(CC(C)C)C(=O)NC(CC(=O)O)C(=O)NC(CC(C)C)C(=O)NC(C(C)O)C(=O)NC(CC1=CC=CC=C1)C(=O)NC(CC2=CN=CN2)C(=O)NC(CC(C)C)C(=O)NC(CC(C)C)C(=O)NC(CCCNC(=N)N)C(=O)NC(CCC(=O)O)C(=O)NC(C(C)C)C(=O)NC(CC(C)C)C(=O)NC(CCC(=O)O)C(=O)NC(CCSC)C(=O)NC(C(C)O)C(=O)NC(CCCCN)C(=O)NC(C)C(=O)NC(CC(=O)O)C(=O)NC(CCC(=O)N)C(=O)NC(CC(C)C)C(=O)NC(C)C(=O)NC(CCC(=O)N)C(=O)NC(CCC(=O)N)C(=O)NC(C)C(=O)NC(CC3=CN=CN3)C(=O)NC(CO)C(=O)NC(CC(=O)N)C(=O)NC(CCCNC(=N)N)C(=O)NC(CCCCN)C(=O)NC(CC(C)C)C(=O)NC(CC(C)C)C(=O)NC(CC(=O)O)C(=O)NC(C(C)CC)C(=O)NC(C)C(=O)N)NC(=O)C4CCCN4C(=O)C5CCCN5C(=O)C(CCC(=O)O)NC(=O)C(CCC(=O)N)NC(=O)C(CO)N,0,,,,,,,,,,,,,,,,,,,
[O-]S(=O)(=S)[O-].[Na+].[Na+],0,,,,,,,,,,,,,,,,,,,
CC1CCC2CC(C(=CC=CC=CC(CC(C(=O)C(C(C(=CC(C(=O)CC(OC(=O)C3CCCCN3C(=O)C(=O)C1(O2)O)C(C)CC4CCC(C(C4)OC)O)C)C)O)OC)C)C)C)OC,1,,,,,,,,,,,,,,,,,,,
CC1CC(C2C(CC(C(O2)(C(=O)C(=O)N3CCCCC3C(=O)OC(C(C(CC(=O)C(C=C(C1)C)CC=C)O)C)C(=CC4CCC(C(C4)OC)O)C)O)C)OC)OC,1,,,,,,,,0,,,,,,,,,,,
C1CC(=O)NC(=O)C1N2C(=O)C3=CC=CC=C3C2=O,1,0,0,0,,0,0,0,0,0,0,0,0,0,0,0,0,0,1,0
CN1CCCCC1CCN2C3=CC=CC=C3SC4=C2C=C(C=C4)SC,1,1,1,1,,0,1,,,,0,,,,,1,1,,,
CCCCNC(=O)NS(=O)(=O)C1=CC=C(C=C1)C,0,0,0,1,1,0,,0,0,0,0,0,0,0,0,0,0,0,,0
C1=NC2=C(N1)C(=S)N=C(N2)N,1,0,1,1,1,0,1,1,0,,0,0,0,1,,,0,0,,1
CC1(OC2COC3(C(C2O1)OC(O3)(C)C)COS(=O)(=O)N)C,1,0,0,,0,0,0,0,0,0,0,0,0,,0,0,0,0,,
CN1CCN(CC1)CCCN2C3=CC=CC=C3SC4=C2C=C(C=C4)C(F)(F)F,0,,,,,,,,,,,,,,,,,,,0
CC(C(=O)NC(C)C(=O)NC1C2C1CN(C2)C3=C(C=C4C(=O)C(=CN(C4=N3)C5=C(C=C(C=C5)F)F)C(=O)O)F)N.CS(=O)(=O)O,1,0,,0,0,1,,1,,0,1,,,0,,,,,,
C1=CC=C(C=C1)NC(=O)CCCCCCC(=O)NO,0,1,1,1,,0,,,0,0,0,0,0,,,0,0,,,
CCNC(=NCCCCC(C(=O)NC(CC(C)C)C(=O)NC(CCCCN=C(NCC)NCC)C(=O)N1CCCC1C(=O)NC(C)C(=O)N)NC(=O)C(CC2=CC=C(C=C2)O)NC(=O)C(CO)NC(=O)C(CC3=CN=CC=C3)NC(=O)C(CC4=CC=C(C=C4)Cl)NC(=O)C(CC5=CC6=CC=CC=C6C=C5)NC(=O)C)NCC.CC(=O)O.CC(=O)O,0,,,,,,,,,,,,,,,,,,,
CCCCCN=C(N)NN=CC1=CNC2=C1C=C(C=C2)OC,0,1,1,0,1,0,1,0,0,,,0,,1,0,,,0,,0
C(CC(=O)O)CO,0,,,,,,,,,,,,,,,,,,,
CC1CC2C3CCC(C3(CC(C2C4(C1=CC(=O)C=C4)C)O)C)(C(=O)CO)O,1,0,0,0,,1,0,0,0,0,0,0,0,0,,0,0,0,1,0
CC(C)(C(C(=O)O)N)S,1,,,,,,,,0,,,0,,,0,,,0,,0
CCC(C)C(C(=O)NC(CC(C)C)C(=O)N1CCCC1C(=O)N2CCCC2C(=O)NC(C(C)O)C(=O)NC(CC(=O)N)C(=O)NC(C(C)C)C(=O)NCC(=O)NC(CO)C(=O)NC(CC(=O)N)C(=O)NC(C(C)O)C(=O)NC(CC3=CC=C(C=C3)O)C(=O)N)NC(=O)C4CCCN4C(=O)CNC(=O)C(CC5=CC=CC=C5)NC(=O)C(CC(=O)N)NC(=O)C(CC(=O)N)NC(=O)C(CO)NC(=O)C(CO)NC(=O)C(CC6=CNC=N6)NC(=O)C(C(C)C)NC(=O)C(CC(C)C)NC(=O)C(CC7=CC=CC=C7)NC(=O)C(CC(=O)N)NC(=O)C(C)NC(=O)C(CC(C)C)NC(=O)C(CCCNC(=N)N)NC(=O)C(CCC(=O)N)NC(=O)C(C(C)O)NC(=O)C(C)NC(=O)C8CSSCC(C(=O)NC(C(=O)NC(C(=O)NC(C(=O)NC(C(=O)N8)C(C)O)C)C(C)O)CC(=O)N)NC(=O)C(CCCCN)N,0,,,,,,,,,,,,,,,,,,,
CC(=O)NC1=NN=C(S1)S(=O)(=O)N,1,0,0,,0,0,0,,0,0,0,0,0,0,0,0,0,0,,0
CCCSC1=CC2=C(C=C1)N=C(N2)NC(=O)OC,1,,1,0,0,0,0,0,0,0,0,0,1,0,,,1,,1,0
CC1=NN=C2N1C3=C(C=C(C=C3)Cl)C(=NC2)C4=CC=CC=C4,1,,,,,,,,0,,,,,,1,,,,,1
CN(C)C1=NC(=NC(=N1)N(C)C)N(C)C,0,0,0,,0,0,0,0,0,0,0,0,0,0,0,0,0,0,,0
C1C2CC3CC1CC(C2)(C3)N,0,0,0,0,0,0,0,0,0,0,0,0,0,0,0,0,0,,,
CC1(C(N2C(S1)C(C2=O)NC(=O)C(C3=CC=C(C=C3)O)N)C(=O)O)C,1,,,,,,,,0,,,0,,,0,,,0,,0
C1=CC(=C(C=C1N)O)C(=O)O,1,,,,,,,,,,,,,,,,,,,0
CN1C2CCC1CC(C2)OC(=O)C(CO)C3=CC=CC=C3,0,0,1,,,,,0,0,0,0,0,0,0,0,,0,0,,0
CC(C1=CC2=C(C=C1)OC(=N2)C3=CC=C(C=C3)Cl)C(=O)O,1,,,,,,,,,,,,,,,,,,,
C1C(OC(S1)CO)N2C=C(C(=NC2=O)N)F,0,,,,,,0,,0,,,0,,,0,,,0,,
C1CC[N+]2(C1)C3CCC2CC(C3)OC(=O)C(C4=CC=CC=C4)(C5=CC=CC=C5)O,0,,,,,,0,,,,,,,,,,,,,
C1=CC(=C(C(=C1)C(=O)C2=CC=C(C=C2)Br)N)CC(=O)O,1,,,,,,,,,,,,,,,,,,,
C1C(=O)NC2=C(C=C(C=C2)[N+](=O)[O-])C(=N1)C3=CC=CC=C3Cl,1,,,,,,,,,,,,,,,,,,,
C=C1C(CC(C1CO)O)N2C=NC3=C2N=C(NC3=O)N,0,,,,,,0,,0,,,0,,,0,,,0,,
CC12CCC3C(C1CCC2(C#C)O)CCC4=CC5=C(CC34C)C=NO5,1,0,,1,1,1,1,,0,,0,0,,1,1,,,,1,
CC1C(C(CC(O1)OC2CC(CC3=C2C(=C4C(=C3O)C(=O)C5=C(C4=O)C(=CC=C5)OC)O)(C(=O)C)O)N)O,0,1,,0,,1,1,,0,1,1,,,0,,,1,,,0
CN1C2=C(C(=O)N(C1=O)C)NC(=N2)Cl.CN(C)CCOC(C1=CC=CC=C1)C2=CC=CC=C2,0,0,,1,,0,,0,0,,0,0,,,0,,,,,0
CCN1CC(C(C1=O)(C2=CC=CC=C2)C3=CC=CC=C3)CCN4CCOCC4,0,,,,,,,,,,,,,,,,,,,
CC1=C(SC(=N1)C2=CC(=C(C=C2)OCC(C)C)C#N)C(=O)O,1,,0,0,1,0,0,,,0,0,0,1,0,0,,0,1,,
CN1C2CCCC1CC(C2)NC(=O)C3=NN(C4=CC=CC=C43)C,0,,,,,,,,,,,,,,,,,,,
CC1CC(=O)C=C(C12C(=O)C3=C(O2)C(=C(C=C3OC)OC)Cl)OC,1,1,,1,,1,1,,0,0,0,0,0,1,,,,,,0
C1=CC=C2C(=C1)C=NN=C2NN,1,,,,,,,,,,,,,,,,,,,0
CC(C)CC1=CC=C(C=C1)CC(=O)O,1,0,0,0,,0,1,0,0,,0,1,,0,0,,0,0,,
C1CN(P(=O)(OC1)NCCCl)CCCl,1,0,0,0,0,0,0,0,0,0,0,0,0,0,0,0,0,0,,0
C1=CC=C(C(=C1)C2=NN(C(=N2)C3=CC=CC=C3O)C4=CC=C(C=C4)C(=O)O)O,1,0,0,0,,0,1,,0,0,0,,,1,1,,,,,
CCN(CC)CCNC(=O)C1=C(NC(=C1C)C=C2C3=C(C=CC(=C3)F)NC2=O)C,1,,,,,,,,,,,,,,,,,,,
CCC(C)C1C(CCC2(O1)CC3CC(O2)CC=C(C(C(C=CC=C4COC5C4(C(C=C(C5O)C)C(=O)O3)O)C)OC6CC(C(C(O6)C)OC7CC(C(C(O7)C)O)OC)OC)C)C,1,,,,,,,,0,,,,,,,,,,,
C1C(OC(S1)CO)N2C=CC(=NC2=O)N,1,,,,,,,,,,,,,,,,,,,0
C[N+]1(CCC23C4C(=O)CCC2(C1CC5=C3C(=C(C=C5)O)O4)O)CC6CC6.[Br-],0,,,,,,,,,,,,,,,,,,,
C1=CC(=CC=C1C#N)C(C2=CC=C(C=C2)C#N)N3C=NC=N3,1,0,,1,,1,0,0,0,0,0,0,0,0,0,0,0,0,,0
CN(C)CC(C1=CC=C(C=C1)O)C2(CCCCC2)O,1,,,,,,,,,,,,,,,,,,,
CCN1C=C(C(=O)C2=CC(=C(C(=C21)F)N3CCNC(C3)C)F)C(=O)O,0,,,,,,,,,,,,,,,,,,,
C1CCC(CC1)NC(=O)N(CCCl)N=O,1,0,0,0,0,0,0,0,0,0,0,0,0,0,0,0,,0,,
CN1C=CNC1=S,1,0,,,0,0,0,,0,0,0,0,0,,0,,0,0,0,0
CC1=CN(C(=O)NC1=O)C2CC(C(O2)CO)O,0,,,,,,0,,,,,,,,,,,,,
CCC(C)C(=O)OC1CC(C=C2C1C(C(C=C2)C)CCC3CC(CC(=O)O3)O)C,1,1,,1,1,1,1,,,,0,0,,0,,0,,,1,0
CC1=NC=C(N1CCO)[N+](=O)[O-],1,0,0,0,0,0,,0,0,0,0,0,0,0,0,0,0,0,0,0
COC1=CC=CC=C1OCC(COC(=O)N)O,0,0,0,,0,0,0,0,,0,0,0,0,0,0,0,0,0,0,0
CC1=C(C(=O)C2=C(C1=O)N3CC4C(C3(C2COC(=O)N)OC)N4)N,1,1,1,0,,,1,,0,0,0,,,1,,,1,,,
C1CCN(CC1)C2=NC(=N)N(C(=C2)N)O,0,0,0,0,0,0,0,0,0,0,0,0,0,0,0,0,0,0,,0
C1=CC=C(C=C1)C(C2=CC=CC=C2)S(=O)CC(=O)N,1,0,0,1,0,0,,0,0,0,0,0,0,0,0,0,0,0,,0
CC(C)C(=O)OC1=C(C=C(C=C1)CO)C(CCN(C(C)C)C(C)C)C2=CC=CC=C2,0,,,,,,,,,,,,,,,,,,,
C=CCN1CCC23C4C(=O)CCC2(C1CC5=C3C(=C(C=C5)O)O4)O,0,0,0,,0,0,0,0,0,,0,0,0,0,0,0,0,0,,
CC(C1=CC2=C(C=C1)C=C(C=C2)OC)C(=O)O,1,0,0,,,0,,0,0,0,0,0,0,0,0,0,0,0,,0
C1C(C(C(C(C1N)OC2C(C(C(C(O2)CN)O)O)N)OC3C(C(C(O3)CO)OC4C(C(C(C(O4)CN)O)O)N)O)O)N,0,,,,,,,,,,,,,,,,,,,
CC(C)C1CCC(CC1)C(=O)NC(CC2=CC=CC=C2)C(=O)O,0,0,0,,1,0,,0,0,,0,0,0,0,,,,0,,
C1CN(CCN1CCOCC(=O)O)C(C2=CC=CC=C2)C3=CC=C(C=C3)Cl.Cl.Cl,1,,,,,,,,,,,,,,,,,,,
CC1C=CC=CCCC=CC=CC=CC=CC(CC2C(C(CC(O2)(CC(C(CCC(CC(CC(CC(=O)OC(C(C1O)C)C)O)O)O)O)O)O)O)C(=O)O)OC3C(C(C(C(O3)C)O)N)O,0,,,,,,,,,,,,,,,,,,,
CC1(C2C(C3C(C(=O)C(=C(C3(C(=O)C2=C(C4=C1C=CC=C4O)O)O)O)C(=O)N)N(C)C)O)O,0,0,0,0,,0,0,,0,,0,0,0,0,0,0,0,0,,
COC1=C(C(=NC=C1)CS(=O)C2=NC3=C(N2)C=C(C=C3)OC(F)F)OC,1,0,1,1,1,1,1,1,0,0,0,0,0,0,,0,0,0,,
CC12CC(C3C(C1CCC2(C(=O)CO)O)CCC4=CC(=O)C=CC34C)O,1,0,0,1,1,,0,0,0,0,0,0,0,,,0,0,0,,
CC(CCCN)NC1=C2C(=CC(=C1)OC)C=CC=N2,0,,,,,,1,,,,,,,,,,,,,
CC(C)NC(=O)C1=CC=C(C=C1)CNNC,1,0,,0,,0,,0,0,0,0,0,0,0,0,0,0,0,,0
CC1=CC(=NC(=N1)OC(C(=O)O)C(C2=CC=CC=C2)(C3=CC=CC=C3)OC)C,0,0,1,0,0,,,0,0,0,0,0,0,0,0,,0,0,,
CCCC(C)C1(C(=O)NC(=O)NC1=O)CC=C,0,,,,,,,,,,,,,,,,,,,
CNC1CCC(C2=CC=CC=C12)C3=CC(=C(C=C3)Cl)Cl,1,,,,,,,,,,,,,,,,,,,0
C1=CC(=CC=C1N)S(=O)(=O)NC2=NC=CS2,1,0,,0,0,1,,0,0,0,0,0,0,0,0,,,0,,0
CC(C)NCC(C1=CC=C(C=C1)NS(=O)(=O)C)O,0,,,,,,,,0,,,0,,,0,,,0,,
C1=CC=C2C(=C1)NC(=N2)C3=CSC=N3,1,,1,1,0,0,,0,0,0,0,0,1,0,0,0,0,0,0,0
CC(C)(C)C#CC=CCN(C)CC1=CC=CC2=CC=CC=C21,1,0,1,1,1,0,,,0,0,0,0,0,0,0,0,0,,,0
C1=CSC(=C1)C(=O)C2=C(C(=C(C=C2)OCC(=O)O)Cl)Cl,1,,,,,,,,0,,,0,,,0,,,0,,0
CCS(=O)(=O)CCN1C(=NC=C1[N+](=O)[O-])C,1,0,0,,0,0,0,0,0,0,0,0,0,0,0,,0,0,0,0
CC1=NN=C(N1C2CC3CCC(C2)N3CCC(C4=CC=CC=C4)NC(=O)C5CCC(CC5)(F)F)C(C)C,1,,,,,,,,0,,,0,,,0,,,0,,
CC1=NN=C(O1)C(=O)NC(C)(C)C2=NC(=C(C(=O)N2C)O)C(=O)NCC3=CC=C(C=C3)F,1,0,0,0,0,0,0,0,0,0,0,0,1,0,0,,,0,,
CCCC(=O)OCOC(=O)C1=C(NC(=C(C1C2=C(C(=CC=C2)Cl)Cl)C(=O)OC)C)C,0,0,,1,1,1,1,0,,,0,,0,0,,0,0,,,
C1C2C(C2N)CN1C3=C(C=C4C(=O)C(=CN(C4=N3)C5=C(C=C(C=C5)F)F)C(=O)O)F,1,,,,,,,,,,,,,,,,,,,
CNC(=O)C1=CN(N=C1)C2=NC(=C3C(=N2)N(C=N3)C4C(C(C(O4)CO)O)O)N,0,0,0,0,0,0,0,0,,0,0,,0,0,,,0,,,
CC(=O)CC(C1=CC=CC=C1)C2=C(C3=CC=CC=C3OC2=O)O,1,0,,1,1,0,,0,0,0,0,1,,,,0,0,0,,0
CC(C1=CC2=CC=CC=C2S1)N(C(=O)N)O,1,0,1,1,1,1,1,,,0,0,0,0,0,0,0,0,0,,0
CCN(C1=CC=CC(=C1)C2=CC=NC3=C(C=NN23)C#N)C(=O)C,0,0,0,1,,0,0,0,0,0,0,0,0,0,0,0,0,0,,
CC1=CC(=CC(=C1OC2=NC(=NC(=C2Br)N)NC3=CC=C(C=C3)C#N)C)C#N,1,,,,,,,,,,,,,,,,,,,
CC(CC1=CC2=C(C(=C1)C(=O)N)N(CC2)CCCO)NCCOC3=CC=CC=C3OCC(F)(F)F,0,,,,,,,,,,,,,,,,,,,
CC(C)C1=C(C(=CC=C1)C(C)C)OCOP(=O)(O)O,1,,,,,,,,,,,,,,,,,,,
CN1C2=C(C=C(C=C2)N(CCCl)CCCl)N=C1CCCC(=O)O,0,0,0,0,0,0,0,0,0,0,0,0,0,0,0,0,0,1,,
CC1=CC=CC=C1C(=O)NC2=CC(=C(C=C2)C(=O)N3CCCC(C4=C3C=CC(=C4)Cl)O)C,1,0,0,0,1,1,1,0,0,0,0,,0,,,,0,1,,
CC1=C(C=C(C=C1)N2C(=O)C(=C(N2)C)N=NC3=CC=CC(=C3O)C4=CC(=CC=C4)C(=O)O)C.C(CO)N.C(CO)N,1,,,,,,,,,,,,,,,,,,,
C1C2CC2N(C1C#N)C(=O)C(C34CC5CC(C3)CC(C5)(C4)O)N,0,0,0,0,0,0,,0,0,0,0,0,0,0,0,0,,0,,
CC(=O)OC1=CC2=C(S1)CCN(C2)C(C3=CC=CC=C3F)C(=O)C4CC4.Cl,1,0,0,1,1,1,,0,0,,0,0,0,0,1,0,0,0,,
CCC(C1=CC(=CC=C1)O)C(C)CN(C)C,0,,,,,,,,,,,,,,,,,,,
CCCCC1=C(C2=C(O1)C=CC(=C2)NS(=O)(=O)C)C(=O)C3=CC=C(C=C3)OCCCN(CCCC)CCCC,1,1,0,1,1,0,1,0,1,1,,,,1,,,,,,
CC=C1C(=O)NC(C(=O)OC2CC(=O)NC(C(=O)NC(CSSCCC=C2)C(=O)N1)C(C)C)C(C)C,0,,,,,,,,,,,,,,,,,,,
CC1=C(C=C(C=C1)NC2=NC=CC(=N2)N(C)C3=CC4=NN(C(=C4C=C3)C)C)S(=O)(=O)N,1,0,0,0,1,1,1,,0,0,0,,0,1,,1,1,1,,
CN(C)CCC(C1=CC=C(C=C1)Cl)C2=CC=CC=N2,0,,,,,,,,,,,,,,,,,,,
CCCC(CCC)C(=O)O.CCCC(CCC)C(=O)[O-].[Na+],1,,,,,,,,,,,,,,,,,,,
CC1=CC(=C(C=C1)NC2=C(C=CC=C2Cl)F)CC(=O)O,1,0,1,1,1,0,1,,0,,0,1,0,0,0,,1,0,,
CC1=C2CCC(=O)N(C2=NC(=N1)C)CC3=CC=C(C=C3)C4=CC=CC=C4C5=NNN=N5,1,,,,,,1,,,,,,,,,,,,,
C1=CC=C2C(=C1)C(C(=O)N2)(C3=CC=C(C=C3)O)C4=CC=C(C=C4)O,1,0,0,1,1,1,1,0,0,0,0,,,,1,,,,,
C=CCOC1=C(C=C(C=C1)CC(=O)O)Cl,1,,,,,,,,0,,,1,,,0,,,0,,0
CC1=CC(=C(C2=C1C=CC=N2)O)Br,1,,,,,,,,,,,,,,,,,,,
CCCCN1C(=O)C(NC(=O)C12CCN(CC2)CC3=CC=C(C=C3)OC4=CC=C(C=C4)C(=O)O)C(C5CCCCC5)O,1,,,,,,,,,,,,,,,,,,,
CN(C)CCCC1C2=CC=CC=C2NC3=C1C=C(C=C3)Cl,1,,,,,,,,,,,,,,,,,,,
CC(C)NC1=NC=CC=N1,1,,,,,,,,,,,,,,,,,,,
C1CN(CCC1C(=O)N)CCCN2C3=CC=CC=C3SC4=C2C=C(C=C4)Cl,1,,,,,,,,,,,,,,,,,,,
CCOC1C(CC(=O)O1)NC(=O)C2CCCN3N2C(=O)C(CCC3=O)NC(=O)C4=NC=CC5=CC=CC=C54,1,,,,,,,,,,,,,,,,,,,
C1=CC(=CC=C1N)S(=O)(=O)NC(=O)N,1,0,0,0,0,0,0,0,0,0,0,0,0,0,,0,0,0,,
CC(=O)N1C2=CC=CC=C2C(C1=O)(C3=CC=C(C=C3)OC(=O)C)C4=CC=C(C=C4)OC(=O)C,1,,,,,,,,,,,,,,,,,,,
COC1=CC=CC2=C1C3CN(CC3CO2)CCCCN4C(=O)C5=C(C6=NC(=CN=C6S5)C7=CC=CC=C7)NC4=O,1,,,,,,,,,,,,,,,,,,,
CON=C(C1=CC=C(C=C1)C2=CC=C(O2)C3=CC=C(C=C3)C(=NOC)N)N,1,,,,,,,,,,,,,,,,,,,
CC(COC1=CC=CC=C1)NN,1,0,0,0,0,0,1,0,0,0,0,0,0,0,0,0,0,0,,
C1=C(NC=N1)CCN.OP(=O)(O)O.OP(=O)(O)O,0,,,,,,,,,,,,,,,,,,,
CN1C2=C(C(=O)N(C1=O)C)NC=N2.CN1C2=C(C(=O)N(C1=O)C)NC=N2.C(CN)N,0,,,,,,,,,,,,,,,,,,0,0
CCOC(=O)C1(CCN(CC1)C)C2=CC=CC=C2,0,,,,,,,,,,,,,,,,,,,
CC(CC1=CC=CC=C1)NC,0,,,,,,,,,,,,,,,,,,,
CCC(=O)C(CC(C)N(C)C)(C1=CC=CC=C1)C2=CC=CC=C2,0,,,,,,,,,,,,,,,,,,,
CC(C1=CC=CC=C1)(C2=CC=CC=N2)OCCN(C)C,0,,,,,,,,,,,,,,,,,,,
CC(C[N+](C)(C)C)OC(=O)N,0,,,,,,,,,,,,,,,,,,,
CC(=O)OCC(=O)C1(CCC2C1(CC(=O)C3C2CCC4=CC(=O)CCC34C)C)O,0,0,0,0,,0,,0,0,0,0,0,0,0,1,0,0,0,,0
C1=CC(=C(C=C1C(CN)O)O)O,0,0,0,,,,,,0,0,0,0,0,0,0,0,0,,,
CCN(CC)CCOC(=O)C1(CCCCC1)C2CCCCC2,0,,,0,0,1,1,0,0,0,0,0,0,,0,,0,,,0
CN1C2=C(C(=O)N(C1=O)C)N(C=N2)CC(CO)O,0,0,0,0,0,0,0,0,0,0,0,0,0,0,0,0,0,0,,0
CNCC(C1=CC(=C(C=C1)O)O)O,0,0,0,,,0,1,0,0,0,0,0,0,0,0,0,,0,,0
C[N+](C)(C)CCOC(=O)CCC(=O)OCC[N+](C)(C)C,0,,,,,,,,,,,,,,,,,,,
C1CC(N(C1)C(=O)C(CC2=CN=CN2)NC(=O)C3CCC(=O)N3)C(=O)N,0,,,,,,,,,,,,,,,,,,,
CN(C)CCOC(C1=CC=C(C=C1)Cl)C2=CC=CC=N2,0,,,,,,,,,,,,,,,,,,,
CC(C)[N+](C)(CCOC(=O)C1C2=CC=CC=C2OC3=CC=CC=C13)C(C)C,0,,,,,,,,,,,,,,,,,,,0
CC(=O)NC1=C(C(=C(C(=C1I)C(=O)O)I)NC(=O)C)I,0,0,0,1,0,0,,0,0,0,0,0,0,0,0,0,0,0,,
CC1=C(C(=O)C2=CC=CC=C2C1=O)CC=C(C)CCCC(C)CCCC(C)CCCC(C)C,0,0,,0,,0,1,0,0,0,0,0,0,0,0,0,0,0,,
C1=CC(=C(C=C1OC2=C(C=C(C=C2I)CC(C(=O)O)N)I)I)O,0,0,,0,,,,0,0,0,0,0,0,0,1,0,1,,0,0
CC1(C2CCC(C2)C1(C)NC)C,0,0,0,0,0,0,,0,0,0,0,0,0,0,0,0,0,0,,
CC1(CC(=O)N(C1=O)C)C2=CC=CC=C2,0,0,0,0,0,0,0,0,0,0,0,0,0,0,0,,0,0,,
C[N+]1(CCCC(C1)OC(=O)C(C2=CC=CC=C2)(C3=CC=CC=C3)O)C,0,,,,,,,,,,,,,,,,,,,
CC1=CC=C(C=C1)C(=CCN2CCCC2)C3=CC=CC=N3,0,0,0,0,0,0,1,0,0,0,0,0,0,0,0,0,0,,,
CC1=CC(=CC=C1)CN2CCN(CC2)C(C3=CC=CC=C3)C4=CC=C(C=C4)Cl,0,,,,,,,,,,,,,,,,,,,
CCCCNC1=CC=C(C=C1)C(=O)OCCOCCOCCOCCOCCOCCOCCOCCOCCOC,1,0,0,,1,1,1,,0,0,0,0,0,,0,,0,0,,0
C1=C(C=C(C(=C1S(=O)(=O)N)Cl)Cl)S(=O)(=O)N,0,,,,,,0,,0,,,,,,0,,,0,1,0
CC(C)(CC1=CC=CC=C1)N,1,,,,,,0,,,,,,,,,,,,,
CCN(CC)C(C)C(=O)C1=CC=CC=C1,0,,,,,,,,,,,,,,,,,,,
CN(C)CCC(C1=CC=C(C=C1)Br)C2=CC=CC=N2,0,,,,,,,,,,,,,,,,,,,
CN1CCC23C4C(=O)CCC2(C1CC5=C3C(=C(C=C5)O)O4)O,0,,,,,,,,,,,,,,,,,,,
CC1=C(C(=CC=C1)C)NC(=O)C2CCCCN2C,0,,,,,,,,,,,,,,,,,,,
C1CCN(CC1)CCC(C2CC3CC2C=C3)(C4=CC=CC=C4)O,0,,,,,,,,,,,,,,,,,,,
C1C(C2C(O1)C(CO2)O[N+](=O)[O-])O[N+](=O)[O-],0,0,0,0,0,0,0,0,0,0,0,0,0,0,0,0,0,0,0,
C1=CC=C(C=C1)CC2NC3=C(C=C(C(=C3)C(F)(F)F)S(=O)(=O)N)S(=O)(=O)N2,1,0,0,,,1,1,0,0,0,0,0,0,0,0,,0,0,0,0
CC1C(OCCN1C)C2=CC=CC=C2,0,,,,,,,,,,,,,,,,,,,
CCC(C)C1C(=O)NC(C(=O)NC(C(=O)NC(CSSCC(C(=O)NC(C(=O)N1)CC2=CC=C(C=C2)O)N)C(=O)N3CCCC3C(=O)NC(CC(C)C)C(=O)NCC(=O)N)CC(=O)N)CCC(=O)N,0,,,,,,,,,,,,,,,,,,,
C1CCCN(CCC1)CCN=C(N)N,0,,,,,,,,,,,,,,,,,,,0
CCC1(CC(=O)NC1=O)C,0,0,0,0,0,0,0,0,0,0,0,0,0,0,0,0,0,0,,0
CC(CC1=CC=CC=C1)N(C)CC2=CC=CC=C2,0,,,,,,,,,,,,,,,,,,,
C[N+]1(CCC(C1)OC(=O)C(C2CCCC2)(C3=CC=CC=C3)O)C.[Br-],0,0,0,0,0,0,0,0,0,0,0,0,0,0,0,0,0,0,,
CC(C)(C1=CN=CC=C1)C(=O)C2=CN=CC=C2,0,0,0,0,0,1,0,0,0,,0,0,0,0,0,0,0,0,,0
CC1=CC(=CC(=C1)OCC2CNC(=O)O2)C,1,0,,0,0,0,1,0,0,0,0,0,0,0,0,,0,0,,0
CC12CCC3C(C1CCC2(C)O)CCC4C3(COC(=O)C4)C,1,,,,,,,,,,,,,,,,,,,
C1=CC=C(C=C1)C2=NC(C(=O)NC3=C2C=C(C=C3)Cl)O,0,0,,1,,0,,0,0,0,0,0,0,,,0,1,,,0
CNCCCC1C2=CC=CC=C2C=CC3=CC=CC=C13,0,,,,,,,,,,,,,,,,,,,0
CC(C)C(C(=O)NCC(=O)NC(CCCCN)C(=O)NC(CCCCN)C(=O)NC(CCCNC(=N)N)C(=O)NC(CCCNC(=N)N)C(=O)N1CCCC1C(=O)NC(C(C)C)C(=O)NC(CCCCN)C(=O)NC(C(C)C)C(=O)NC(CC2=CC=C(C=C2)O)C(=O)N3CCCC3C(=O)O)NC(=O)C4CCCN4C(=O)C(CCCCN)NC(=O)CNC(=O)C(CC5=CNC6=CC=CC=C65)NC(=O)C(CCCNC(=N)N)NC(=O)C(CC7=CC=CC=C7)NC(=O)C(CC8=CNC=N8)NC(=O)C(CCC(=O)O)NC(=O)C(CCSC)NC(=O)C(CO)NC(=O)C(CC9=CC=C(C=C9)O)NC(=O)C(CO)N,0,,,,,,,,,,,,,,,,,,,
CC1=C(OC2=C(C1=O)C=CC=C2C(=O)OCCN3CCCCC3)C4=CC=CC=C4,0,,,,,,,,,,,,,,,,,,,0
CNC1(CCCCC1=O)C2=CC=CC=C2Cl,1,,,,,,,,0,,,0,,,0,,,0,,0
CC(=O)OC1CC2CCC3C(C2(CC1[N+]4(CCCCC4)C)C)CCC5(C3CC(C5OC(=O)C)[N+]6(CCCCC6)C)C,0,,,,,,0,,,,,,,,,,,,,
CC(C)(C)OC(=O)NCCC(=O)NC(CC1=CNC2=CC=CC=C21)C(=O)NC(CCSC)C(=O)NC(CC(=O)O)C(=O)NC(CC3=CC=CC=C3)C(=O)N,0,0,0,0,0,1,1,0,0,,0,0,0,0,0,0,0,0,,
CC(CC1=CC=CC=C1)N,0,,,,,,,,,,,,,,,,,,,
CC(C)(C)NCC(C1=CC(=CC(=C1)O)O)O,1,,,,,,,,,,,,,,,,,,,
CC(C)CC1C(=O)NC(C(=O)NC(C(=O)NC(CSSCC(C(=O)NC(C(=O)NC(C(=O)N1)CC(=O)N)CO)N)C(=O)NC(C(C)C)C(=O)NC(CC(C)C)C(=O)NCC(=O)NC(CCCCN)C(=O)NC(CC(C)C)C(=O)NC(CO)C(=O)NC(CCC(=O)N)C(=O)NC(CCC(=O)O)C(=O)NC(CC(C)C)C(=O)NC(CC2=CN=CN2)C(=O)NC(CCCCN)C(=O)NC(CC(C)C)C(=O)NC(CCC(=O)N)C(=O)NC(C(C)O)C(=O)NC(CC3=CC=C(C=C3)O)C(=O)N4CCCC4C(=O)NC(CCCNC(=N)N)C(=O)NC(C(C)O)C(=O)NC(CC(=O)N)C(=O)NC(C(C)O)C(=O)NCC(=O)NC(CO)C(=O)NCC(=O)NC(C(C)O)C(=O)N5CCCC5C(=O)N)C(C)O)CO,0,,,,,,,,,,,,,,,,,,,
C(CN(CC(=O)O)CC(=O)O)N(CCN(CC(=O)O)CC(=O)O)CC(=O)O,0,0,0,0,0,0,0,,0,0,0,,0,0,,,0,,,0
C1C(O1)CCl.C(CNCCNCCNCCN)N,0,,,,,,,,,,,,,,,,,,,
C(C1C(C(C(C(O1)OC2C(OC(C2O)(CO)O)CO)O)O)O)O,0,0,0,0,0,0,0,0,0,0,0,0,0,0,0,,0,0,,0
C1=CC=C2C(=C1)C(=O)OC23C4=C(C=C(C=C4)O)OC5=C3C=CC(=C5)O,0,0,0,1,1,0,,,0,0,0,,0,0,,,1,0,,0
CC(CC1=CC=C(C=C1)O)(C(=O)O)N,0,0,0,0,,0,0,0,0,0,0,0,0,0,0,0,0,0,,0
CCCCCC(C)(C=CC1C(CC(C1CC=CCCCC(=O)O)O)O)O.C(C(CO)(CO)N)O,0,,,,,,,,,,,,,,,,,,,
CC(CCCC(C)(C)O)C1CCC2C1(CCCC2=CC=C3CC(CC(C3=C)O)O)C,0,,,,,,,,,,,,,,,,,,,0
CN1CCC23C4C1CC5=C2C(=C(C=C5)O)OC3C(C=C4)O,0,,,,,,,,,,,,,,,,,,,
CCCCCCC(C)(C)C1=CC(=C2C3CC(=O)CCC3C(OC2=C1)(C)C)O,0,,,,,,,,,,,,,,,,,,,
CC(=O)OC1CC2CCC3C(C2(CC1N4CCCCC4)C)CCC5(C3CC(C5OC(=O)C)[N+]6(CCCCC6)C)C,0,,,,,,,,,,,,,,,,,,,
C[N+]1(CCC2=CC(=C(C=C2C1CC3=CC(=C(C=C3)OC)OC)OC)OC)CCC(=O)OCCCCCOC(=O)CC[N+]4(CCC5=CC(=C(C=C5C4CC6=CC(=C(C=C6)OC)OC)OC)OC)C,0,,,,,,,,,,,,,,,,,,,
CN1CCC23C4C1CC5=C2C(=C(C=C5)O)OC3C(=O)CC4,0,,,,,,,,,,,,,,,,,,,
CCC(=O)N(C1=CC=CC=C1)C2(CCN(CC2)CCC3=CC=CS3)COC,0,,,,,,,,,,,,,,,,,,,
C1CC(CCC1CN)C(=O)O,0,,,,,,,,0,,,0,,,0,,,0,1,0
CCC(=O)N(C1=CC=CC=C1)C2(CCN(CC2)CCN3C(=O)N(N=N3)CC)COC,0,,,,,,,,,,,,,,,,,,,
CCCCCCCCC=CCCCCCCCC(=O)O.C(CO)N,0,,,,,,,,,,,,,,,,,,,
[Cl-].[Rb+],0,,,,,,,,,,,,,,,,,,,
CC(C12CC3CC(C1)CC(C3)C2)N,0,,,,,,,,,,,,,,,,,,,0
C1CNCC(C2=CC(=C(C(=C21)Cl)O)O)C3=CC=C(C=C3)O,0,0,0,0,0,0,,,0,0,0,0,0,0,0,0,0,0,,
C[N+]1(CCC2=CC(=C(C=C2C1CC3=CC(=C(C(=C3)OC)OC)OC)OC)OC)CCCOC(=O)CCC=CCCC(=O)OCCC[N+]4(CCC5=CC(=C(C=C5C4CC6=CC(=C(C(=C6)OC)OC)OC)OC)OC)C,0,,,,,,,,0,,,0,,,0,,,0,,
CC(=O)[O-].CC(=O)[O-].[Ca+2],0,,,,,,,,,,,,,,,,,,,
CC(CN1CCN(CCN(CCN(CC1)CC(=O)[O-])CC(=O)[O-])CC(=O)[O-])O.[Gd+3],0,0,0,,,0,0,0,0,0,0,0,0,0,0,0,0,0,,
CC(=O)NC1C(C(C(OC1O)COS(=O)(=O)O)OC2C(C(C(C(O2)C(=O)O)OC3C(C(C(C(O3)CO)OC4C(C(C(C(O4)C(=O)O)O)O)OS(=O)(=O)O)OS(=O)(=O)O)NS(=O)(=O)O)O)OS(=O)(=O)O)O,1,,,,,,,,,,,,,,,,,,,
CCCC(C(=O)OCC)NC(C)C(=O)N1C2CCCCC2CC1C(=O)O,0,0,1,0,0,0,0,0,0,0,0,0,0,0,0,,0,0,,
CCCCCCCN(CC)CCCC(C1=CC=C(C=C1)NS(=O)(=O)C)O,0,,,,,,,,,,,,,,,,,,,
CC(=O)OC1C(CC2C1(CCC3C2CCC4C3(CC(C(C4)O)N5CCOCC5)C)C)[N+]6(CCCC6)CC=C,0,,,,,,,,,,,,,,,,,,,
CN1CCC23C4C(=O)CCC2(C1CC5=C3C(=C(C=C5)OC)O4)O,0,,,,,,,,,,,,,,,,,,,
C[N+]1(CCC2=CC(=C(C=C2C1CC3=CC(=C(C=C3)OC)OC)OC)OC)CCC(=O)OCCCCCOC(=O)CC[N+]4(CCC5=CC(=C(C=C5C4CC6=CC(=C(C=C6)OC)OC)OC)OC)C.C1=CC=C(C=C1)S(=O)(=O)[O-].C1=CC=C(C=C1)S(=O)(=O)[O-],0,,,,,,,,,,,,,,,,,,,0
C(CC(O)(P(=O)(O)O)P(=O)(O)O)CN,1,,,,,,,,,,,,,,,,,,,0
CCOC1=CC=CC=C1OCCNC(C)CC2=CC(=C(C=C2)OC)S(=O)(=O)N,1,,,,,,,,,,,,,,,,,,,
C1C2CC3CC(CC1N3CC2=O)OC(=O)C4=CNC5=CC=CC=C54,0,,,,,,,,,,,,,,,,,,,
CCC(=O)N(C1=CC=CC=C1)C2(CCN(CC2)CCC(=O)OC)C(=O)OC,1,,,,,,,,,,,,,,,,,,,
CC(C)CC(C1(CCC1)C2=CC=C(C=C2)Cl)N(C)C,1,,,,,,,,,,,,,,,,,,,
CC1=C(SC=C1)C(=CCCN2CCCC(C2)C(=O)O)C3=C(C=CS3)C,0,,,,,,,,,,,,,,,,,,,
CCCN(CCC)CCC1=C2CC(=O)NC2=CC=C1,1,0,0,0,0,0,0,0,0,0,0,0,0,0,0,0,0,0,,0
CCCNC1CCC2=C(C1)SC(=N2)N,0,0,0,0,0,0,0,0,0,,0,0,0,0,0,0,0,,,
C1C(C(C(C(N1CCO)CO)O)O)O,0,0,0,0,0,0,0,0,0,0,0,0,0,0,0,0,0,0,,
CC(C)NC1=C(N=CC=C1)N2CCN(CC2)C(=O)C3=CC4=C(N3)C=CC(=C4)NS(=O)(=O)C,0,0,0,1,1,1,1,,0,0,0,0,0,,,0,0,,,
C1=CC(=CC=C1SC(P(=O)(O)O)P(=O)(O)O)Cl,0,,,,,,,,,,,,,,,,,,,
C1CC2C(=O)NC(CSSCCC(=O)NC(C(=O)NCC(=O)NC(C(=O)NC(C(=O)N2C1)CC3=CNC4=CC=CC=C43)CC(=O)O)CCCCN=C(N)N)C(=O)N,0,0,0,0,0,0,0,0,0,0,0,0,0,1,,,0,0,,
CCCCC1=NC=C(N1CC2=CC=C(C=C2)C(=O)O)C=C(CC3=CC=CS3)C(=O)O,0,,,,,,,,,,,,,,,,,,,
CCOC1=C(C=CC(=C1)CC(=O)NC(CC(C)C)C2=CC=CC=C2N3CCCCC3)C(=O)O,1,,,,,,1,,0,,,,,,0,,,0,,0
CCCCC1=NC2(CCCC2)C(=O)N1CC3=CC=C(C=C3)C4=CC=CC=C4C5=NNN=N5,1,0,0,0,1,1,1,0,0,0,0,1,0,0,0,0,,0,,0
CNS(=O)(=O)CCC1=CC2=C(C=C1)NC=C2C3CCN(CC3)C,0,,,,,,,,,,,,,,,,,,,
CC1=CC(=C(C=C1)O)C(CCN(C(C)C)C(C)C)C2=CC=CC=C2,0,0,0,1,,1,,0,0,0,0,0,0,0,0,0,0,,,0
CN(C)CCC1=CNC2=C1C=C(C=C2)CC3COC(=O)N3,0,0,0,0,0,0,0,0,0,0,0,0,0,0,0,0,0,0,,
CC1=C(C=CC=C1O)C(=O)NC(CSC2=CC=CC=C2)C(CN3CC4CCCCC4CC3C(=O)NC(C)(C)C)O,1,,,,,,,,,,,,,,,,,,,0
CCN(C)C(=O)OC1=CC=CC(=C1)C(C)N(C)C,1,,,,,,,,,,,,,,,,,,,
C1CN(CCN1CCC2=C(C=C3C(=C2)CC(=O)N3)Cl)C4=NSC5=CC=CC=C54,1,0,,1,1,1,1,0,0,0,0,0,0,1,0,,0,,,
C1=CC(=CN=C1)CC(O)(P(=O)(O)O)P(=O)(O)O,0,,,,,,,,,,,,,,,,,,,
CCOC1=NC2=CC=CC(=C2N1CC3=CC=C(C=C3)C4=CC=CC=C4C5=NNN=N5)C(=O)O,1,0,0,0,1,0,0,0,0,0,0,0,0,0,,0,,,,
COC(=O)C(C1=CC=CC=C1Cl)N2CCC3=C(C2)C=CS3,1,,,,,,,,,,,,,,,,,,,
CN(C)CCC1=CNC2=C1C=C(C=C2)CN3C=NC=N3,0,,,,,,,,0,,,0,,,0,,,0,,0
CCC(C)C(C(=O)N1CCCC1C(=O)NC(CCC(=O)O)C(=O)NC(CCC(=O)O)C(=O)NC(CC2=CC=C(C=C2)O)C(=O)NC(CC(C)C)C(=O)O)NC(=O)C(CCC(=O)O)NC(=O)C(CCC(=O)O)NC(=O)C(CC3=CC=CC=C3)NC(=O)C(CC(=O)O)NC(=O)CNC(=O)C(CC(=O)N)NC(=O)CNC(=O)CNC(=O)CNC(=O)CNC(=O)C4CCCN4C(=O)C(CCCNC(=N)N)NC(=O)C5CCCN5C(=O)C(CC6=CC=CC=C6)N,0,,,,,,,,,,,,,,,,,,,
C1=NC(=NC(=O)N1C2C(C(C(O2)CO)O)O)N,0,0,0,0,0,0,0,1,0,,0,,,1,1,,0,,,0
CC1CCN(C(C1)C(=O)O)C(=O)C(CCCN=C(N)N)NS(=O)(=O)C2=CC=CC3=C2NCC(C3)C,0,,,,,,,,,,,,,,,,,,,
C1=C(C(=O)NC(=O)N1)F,1,0,1,1,,,0,,0,0,0,0,0,1,0,0,0,,,0
CCCC1=NN(C2=C1N=C(NC2=O)C3=C(C=CC(=C3)S(=O)(=O)N4CCN(CC4)C)OCC)C,1,,,,,,1,,,,,,,,,,,,,0
CC1C(C(C(C(O1)OC2C(OC(C(C2O)O)OC3C(OC(C(C3O)O)O)CO)CO)O)O)NC4C=C(C(C(C4O)O)O)CO,1,,,,,,,,,,,,,,,,,,,
CCCC(=O)NC1=CC(=C(C=C1)OCC(CNC(C)C)O)C(=O)C,1,,,,,,,,,,,,,,,,,,,
C=CCN.C1C(O1)CCl,0,,,,,,,,,,,,,,,,,,,
CCCCS(=O)(=O)NC(CC1=CC=C(C=C1)OCCCCC2CCNCC2)C(=O)O,0,,,,,,,,,,,,,,,,,,,
CN(CCC1=CC=C(C=C1)NS(=O)(=O)C)CCOC2=CC=C(C=C2)NS(=O)(=O)C,0,0,0,0,0,,1,0,0,0,0,0,0,0,,0,0,0,,
CC(=O)NC(CS)C(=O)O,0,0,0,1,0,0,0,,0,,0,0,,0,0,0,0,0,,0
CC1=CC(=C(C(=C1C=CC(=CC=CC(=CC(=O)O)C)C)C)C)OC,1,,,,,,,,0,,,,,,,,,,,
C1=NC(=C2C(=N1)N(C=N2)C3C(C(C(O3)CO)O)O)N,0,0,0,0,0,0,0,0,0,0,0,0,0,0,0,0,0,0,,0
CC(C)(C)NCC(C1=CC(=C(C=C1)O)CO)O,0,0,0,,0,0,0,0,0,0,0,0,0,0,,0,0,0,,0
CN(C)CCC1=CNC2=C1C=C(C=C2)CS(=O)(=O)N3CCCC3,0,0,0,0,0,0,,0,0,0,0,0,0,0,0,0,,0,,0
CNC1CCC2=C(C1)C3=C(N2)C=CC(=C3)C(=O)N,0,,,,,,,,,,,,,,,,,,,
CC1C=CC=C(C(=O)NC2=C(C(=C3C(=C2O)C(=C(C4=C3C(=O)C(O4)(OC=CC(C(C(C(C(C(C1O)C)O)C)OC(=O)C)C)OC)C)C)O)O)C=NN5CCN(CC5)C6CCCC6)C,0,,,,,,,,,,,,,,,,,,,
C1C2=CC=CC=C2N(C3=CC=CC=C3C1=O)C(=O)N,1,0,1,,0,0,,0,0,0,0,0,0,0,0,0,0,,,0
CCC(C(=O)N)N1CCCC1=O,1,,,,,,,,,,,,,,,,,,,
CCCN(CCC)C(=O)CC1=C(N=C2N1C=C(C=C2)Cl)C3=CC=C(C=C3)Cl,1,0,1,,1,1,1,,0,0,0,0,0,,0,0,1,1,,
CC1=CC2=C(C=C1C(=C)C3=CC=C(C=C3)C(=O)O)C(CCC2(C)C)(C)C,1,1,0,0,,,1,,0,1,,1,1,1,,,,,,
C(C(F)(F)F)(C(F)(F)F)(F)F,0,,,,,,,,,,,,,,,,,,,
C(CN)CNCCSP(=O)(O)O,0,0,0,0,0,0,0,0,0,0,0,0,0,0,0,0,0,0,,0
C1C(C(C(C(C1NC(=O)C(CCN)O)OC2C(C(C(C(O2)CO)O)N)O)O)OC3C(C(C(C(O3)CN)O)O)O)N,0,0,0,0,0,0,,0,0,0,0,0,0,0,0,0,0,0,,
CC1=C(N=CN1)CN2CCC3=C(C2=O)C4=CC=CC=C4N3C,1,,,,,,,,,,,,,,,,,,,
C(CCC(=O)O)CCN,0,0,0,0,0,0,0,0,0,0,0,0,0,0,0,,0,0,,0
C1=C(C=C(C(=C1I)OC2=CC(=C(C(=C2)I)O)I)I)CC(C(=O)O)N,1,0,0,,1,0,1,0,0,0,0,0,0,0,1,,1,,1,
CC(=O)NCC1CN(C(=O)O1)C2=CC(=C(C=C2)N3CCOCC3)F,1,,,,,,0,,0,,,0,,,0,,,0,,
CCCCCCCCCCNCC=C.C[N+](C)(C)CCCCCCNCC=C.C=CCN.C1C(O1)CCl.Cl.[Cl-],0,,,,,,,,,,,,,,,,,,,
CON=C1CN(CC1CN)C2=C(C=C3C(=O)C(=CN(C3=N2)C4CC4)C(=O)O)F,1,,,,,,,,,,,,,,,,,,,
C1CC2=C(C=CC(=C2)Cl)C(=C3CCNCC3)C4=C1C=CC=N4,1,1,0,0,,1,1,0,0,0,0,0,,0,0,1,,,,0
CN1CCC23C=CC(CC2OC4=C(C=CC(=C34)C1)OC)O,0,,,,,,,,,,,,,,,,,,,
CC1=C(SC=N1)C=CC2=C(N3C(C(C3=O)NC(=O)C(=NOC)C4=CSC(=N4)N)SC2)C(=O)O,0,,,,,,,,,,,,,,,,,,,
C1=CN(C=N1)CC(O)(P(=O)(O)O)P(=O)(O)O,1,,,,,,,,0,,,0,,,0,,,0,,0
CCC(C)CC(C)CCCCCCCCC(=O)NC1CC(C(NC(=O)C2C(CCN2C(=O)C(NC(=O)C(NC(=O)C3CC(CN3C(=O)C(NC1=O)C(C)O)O)C(C(C4=CC=C(C=C4)O)O)O)C(CCN)O)O)NCCN)O,0,,,,,,,,,,,,,,,,,,,
C1CC(CCC1C2=CC=C(C=C2)Cl)C3=C(C4=CC=CC=C4C(=O)C3=O)O,0,0,0,0,,0,0,1,0,0,0,0,0,1,,,,,,0
CC(C1=NC=NC=C1F)C(CN2C=NC=N2)(C3=C(C=C(C=C3)F)F)O,1,,,,,,0,,,,,,,,,,,,,
COC1=CC=CC=C1OCC(CO)O,0,0,,0,0,0,0,0,0,0,0,0,0,0,0,0,0,0,0,0
CCCC1=NC(=C(N1CC2=CC=C(C=C2)C3=CC=CC=C3C4=NNN=N4)C(=O)O)C(C)(C)O,0,,,,,,0,,,,,,,,,,,,,
CN(CCCNC(=O)C1CCCO1)C2=NC3=CC(=C(C=C3C(=N2)N)OC)OC,1,,,,,,,,,,,,,,,,,,,
CC1C(C(=O)N1S(=O)(=O)O)NC(=O)C(=NOC(C)(C)C(=O)O)C2=CSC(=N2)N,0,,,,,,,,,,,,,,,,,,,
CC12CCC3C(C1CCC2C(=O)NC4=C(C=CC(=C4)C(F)(F)F)C(F)(F)F)CCC5C3(C=CC(=O)N5)C,0,,,,,,,,0,,,0,,,,,,,,
C1=CC(=CC=C1C(CC(=O)O)CN)Cl,1,0,0,0,0,0,0,0,0,,0,0,0,0,0,0,0,0,1,0
CCOC(=O)C(CCC1=CC=CC=C1)NC2CCC3=CC=CC=C3N(C2=O)CC(=O)O,1,,,,,,,,,,,,,,,,,,,
C1=CC=C(C=C1)CN2C3=CC=CC=C3C(=N2)OCC(=O)O,1,,,,,,,,,,,,,,,,,,,
CCC1=C(C2=CC=CC=C2O1)C(=O)C3=CC=C(C=C3)O,1,,,,,,,,,,,,,,,,,,,
CCC1=C(C2=CC=CC=C2O1)C(=O)C3=CC(=C(C(=C3)I)O)I,1,0,0,,1,0,1,,1,,,1,0,1,,,,,,
CC1C2C(C(=O)N2C(=C1SC3CC(NC3)C(=O)NC4=CC=CC(=C4)C(=O)O)C(=O)O)C(C)O,0,,,,,,,,,,,,,,,,,,,
CN1C2CCC1CC(C2)OC(C3=CC=CC=C3)C4=CC=CC=C4,0,,,,,,,,0,,,0,,,0,,,,,0
COC1C(C(C(C(O1)COS(=O)(=O)[O-])OC2C(C(C(C(O2)C(=O)[O-])OC3C(C(C(C(O3)COS(=O)(=O)[O-])OC4C(C(C(C(O4)C(=O)[O-])OC5C(C(C(C(O5)COS(=O)(=O)[O-])O)O)NS(=O)(=O)[O-])O)O)OS(=O)(=O)[O-])NS(=O)(=O)[O-])O)OS(=O)(=O)[O-])O)NS(=O)(=O)[O-].[Na+].[Na+].[Na+].[Na+].[Na+].[Na+].[Na+].[Na+].[Na+].[Na+],1,,,,,,,,,,,,,,,,,,,
CCCCN1CC(C(C(C1CO)O)O)O,0,0,0,,0,0,0,0,0,0,0,0,0,0,0,0,0,0,,
C1=CC=C(C=C1)COCC(C(=O)O)N(CCN(CCN(CC(=O)O)CC(=O)O)CC(=O)O)CC(=O)O,0,,,,,,,,,,,,,,,,,,,
CC1C=CC=C(C(=O)NC2=C(C3=C(C4=C(C(=C3O)C)OC(C4=O)(OC=CC(C(C(C(C(C(C1O)C)O)C)OC(=O)C)C)OC)C)C5=C2N6C=CC(=CC6=N5)C)O)C,0,,,,,,,,,,,,,,,,,,,
CN1CC(=O)N2C(C1=O)CC3=C(C2C4=CC5=C(C=C4)OCO5)NC6=CC=CC=C36,0,0,,0,,1,1,0,0,0,0,0,0,0,0,0,0,0,,
C1CC2CN(C(=O)C3=CC=CC(=C23)C1)C4CN5CCC4CC5,0,,,,,,,,,,,,,,,,,,,
CC(C)NCC(COC1=CC=C(C=C1)CCOCC2CC2)O,0,0,,,0,0,0,0,0,0,0,0,0,0,0,0,0,,,
CCCC1=NC(=C2N1N=C(NC2=O)C3=C(C=CC(=C3)S(=O)(=O)N4CCN(CC4)CC)OCC)C,0,,,,,,,,,,,,,,,,,,,
CC(C)NCC(COC1=CC=C(C=C1)COCCOC(C)C)O,0,,,,,,,,,,,,,,,,,,,
CC1=C(N=C(N=C1N)C(CC(=O)N)NCC(C(=O)N)N)C(=O)NC(C(C2=CN=CN2)OC3C(C(C(C(O3)CO)O)O)OC4C(C(C(C(O4)CO)O)OC(=O)N)O)C(=O)NC(C)C(C(C)C(=O)NC(C(C)O)C(=O)NCCC5=NC(=CS5)C6=NC(=CS6)C(=O)NCCC[S+](C)C)O,0,,,,,,,,,,,,,,,,,,,
CC1=CC=CC=C1OC(CCNC)C2=CC=CC=C2,1,,,,,,,,,,,,,,,,,,,0
CC(C)(C)C1=CC=C(C=C1)S(=O)(=O)NC2=C(C(=NC(=N2)C3=NC=CC=N3)OCCO)OC4=CC=CC=C4OC,1,0,0,0,,0,,,0,0,0,,0,,0,0,0,0,,
CC(=O)NCCCS(=O)(=O)O,1,,,,,,,,,,,,,,,,,,,
C1CC(=O)NC2=C1C=CC(=C2)OCCCCN3CCN(CC3)C4=C(C(=CC=C4)Cl)Cl,0,0,0,0,1,0,1,,,,,0,0,1,,,,,,0
CCCC1OC2CC3C4CCC5=CC(=O)C=CC5(C4C(CC3(C2(O1)C(=O)CO)C)O)C,0,0,0,1,1,1,0,,0,0,0,0,0,1,,0,0,0,1,0
C1CCC2(C1)CC(=O)N(C(=O)C2)CCCCN3CCN(CC3)C4=NC=CC=N4,0,0,,0,,,1,1,0,0,0,0,0,1,0,0,,0,,0
CCCCNC1=C(C(=CC(=C1)C(=O)O)S(=O)(=O)N)OC2=CC=CC=C2,0,0,0,0,0,0,0,0,0,0,0,0,0,0,0,,0,0,1,
CC12CCC(=O)C=C1CC(C3C24C(O4)CC5(C3CCC56CCC(=O)O6)C)C(=O)OC,0,0,0,,0,0,,0,0,0,0,0,0,0,,0,0,0,,
C1CCC2(C3CC4=C(C2(C1)CCN3CC5CCC5)C=C(C=C4)O)O,0,,,,,,,,,,,,,,,,,,,
CCNC(=O)N(CCCN(C)C)C(=O)C1CC2C(CC3=CNC4=CC=CC2=C34)N(C1)CC=C,0,0,0,0,0,1,0,0,0,0,0,0,0,0,0,0,0,,,
C1=CC(=CC=C1C2C(C(=O)N2C3=CC=C(C=C3)F)CCC(C4=CC=C(C=C4)F)O)O,1,0,,1,1,1,1,,0,0,0,0,0,1,0,0,1,1,,
CC(C)CC(CC(=O)O)CN,1,,,,,,,,0,,,0,,,0,,,0,,
C1=NC(=C2C(=N1)N(C=N2)CCOCP(=O)(O)O)N,1,,,,,,,,0,,,0,,,0,,,0,,
CCCCCN(C)CCC(O)(P(=O)(O)O)P(=O)(O)O,0,,,,,,,,,,,,,,,,,,,
CC1(C(N2C(S1)C(C2=O)NC(=O)C(C3=CC=CC=C3)C(=O)O)C(=O)O)C,1,,,,,,,,,,,,,,,,,,,
CC(CC1=CC(=C(C=C1)O)O)(C(=O)O)NN,0,,,,,,,,0,,,0,,,0,,,0,,0
CN1CCN(CC1)C(=O)OC2C3=NC=CN=C3C(=O)N2C4=NC=C(C=C4)Cl,0,0,1,0,0,0,0,0,0,0,0,0,0,0,0,0,0,0,,0
C1C(=C(N2C(S1)C(C2=O)NC(=O)C(C3=CC=CC=C3)N)C(=O)O)Cl,1,0,0,0,0,0,0,0,0,0,0,0,0,0,0,0,0,0,,
CC1=C(N2C(C(C2=O)NC(=O)C(C3=CC=C(C=C3)O)N)SC1)C(=O)O,1,0,0,0,0,0,,1,0,0,0,0,0,0,0,0,0,0,,
CC1=NN=C(S1)SCC2=C(N3C(C(C3=O)NC(=O)CN4C=NN=N4)SC2)C(=O)O,1,0,,0,,0,,1,0,0,0,0,0,0,0,0,0,0,,0
CCC(C)C(C(=O)NC(CCC(=O)O)C(=O)NC(CCC(=O)O)C(=O)NC(CO)C(=O)NC(CCC(=O)N)C(=O)NC(CC(=O)N)C(=O)NC(CCC(=O)N)C(=O)NC(CCC(=O)N)C(=O)NC(CCC(=O)O)C(=O)NC(CCCCN)C(=O)NC(CC(=O)N)C(=O)NC(CCC(=O)O)C(=O)NC(CCC(=O)N)C(=O)NC(CCC(=O)O)C(=O)NC(CC(C)C)C(=O)NC(CC(C)C)C(=O)NC(CCC(=O)O)C(=O)NC(CC(C)C)C(=O)NC(CC(=O)O)C(=O)NC(CCCCN)C(=O)NC(CC1=CNC2=CC=CC=C21)C(=O)NC(C)C(=O)NC(CO)C(=O)NC(CC(C)C)C(=O)NC(CC3=CNC4=CC=CC=C43)C(=O)NC(CC(=O)N)C(=O)NC(CC5=CNC6=CC=CC=C65)C(=O)NC(CC7=CC=CC=C7)C(=O)N)NC(=O)C(CC(C)C)NC(=O)C(CO)NC(=O)C(CC8=CN=CN8)NC(=O)C(C(C)CC)NC(=O)C(CC(C)C)NC(=O)C(CO)NC(=O)C(C(C)O)NC(=O)C(CC9=CC=C(C=C9)O)NC(=O)C,0,,,,,,,,,,,,,,,,,,,
C[N+]1(CCCC1)CC2=C(N3C(C(C3=O)NC(=O)C(=NOC)C4=CSC(=N4)N)SC2)C(=O)[O-],1,,,,,,,,,,,,,,,,,,,
C=CC1=C(N2C(C(C2=O)NC(=O)C(=NOCC(=O)O)C3=CSC(=N3)N)SC1)C(=O)O,0,,,,,,0,,,,,,,,,,,,,
CCN1CCN(C(=O)C1=O)C(=O)NC(C2=CC=C(C=C2)O)C(=O)NC3C4N(C3=O)C(=C(CS4)CSC5=NN=NN5C)C(=O)O,1,,,,,,,,,,,,,,,,,,,
CC(=O)OCC1=C(N2C(C(C2=O)NC(=O)C(=NOC)C3=CSC(=N3)N)SC1)C(=O)O,1,,,,,,,,,,,,,,,,,,,
COC1(C2N(C1=O)C(=C(CS2)COC(=O)N)C(=O)O)NC(=O)CC3=CC=CS3,0,0,0,0,0,0,0,0,0,0,0,0,0,0,0,0,0,0,,
C1CCC(C(C1)[NH-])[NH-].C(=O)(C(=O)O)O.[Pt+2],1,,,,,,,,0,,,0,,,0,,,,,
COCC1=C(N2C(C(C2=O)NC(=O)C(=NOC)C3=CSC(=N3)N)SC1)C(=O)O,0,,,,,,,,,,,,,,,,,,,
CC=CC1=C(N2C(C(C2=O)NC(=O)C(C3=CC=C(C=C3)O)N)SC1)C(=O)O,1,,,,,,,,,,,,,,,,,,,
C1C=C(N2C(S1)C(C2=O)NC(=O)C(=CCC(=O)O)C3=CSC(=N3)N)C(=O)O,0,,,,,,,,0,,,0,,,0,,,0,,
CN1C(=NC(=O)C(=O)N1)SCC2=C(N3C(C(C3=O)NC(=O)C(=NOC)C4=CSC(=N4)N)SC2)C(=O)O,1,,,,,,,,,,,,,,,,,,,
CC(=O)OC1=CC=CC=C1C(=O)NC2=NC=C(S2)[N+](=O)[O-],0,,1,1,1,1,1,,,1,0,0,1,0,,,,,,0
CCCCCOC1=CC=C(C=C1)C2=CC(=NO2)C3=CC=C(C=C3)C(=O)NC4CC(C(NC(=O)C5C(C(CN5C(=O)C(NC(=O)C(NC(=O)C6CC(CN6C(=O)C(NC4=O)C(C)O)O)C(C(C7=CC(=C(C=C7)O)OS(=O)(=O)O)O)O)C(CC(=O)N)O)C)O)O)O,1,,,,,,,,,,,,,,,,,,,
CON=C(C1=CC=CO1)C(=O)NC2C3N(C2=O)C(=C(CS3)COC(=O)N)C(=O)O,1,,,,,,,,,,,,,,,,,,,
C1CN(CC1C(C2=CC=CC=C2)(C3=CC=CC=C3)C(=O)N)CCC4=CC5=C(C=C4)OCC5,0,,,,,,,,,,,,,,,,,,,
CC1=C(N2C(C(C2=O)NC(=O)C(C3=CC=CC=C3)N)SC1)C(=O)O,1,0,0,,0,0,,,0,0,0,0,0,0,0,0,0,0,,
C1CN(CCN1CCOCC(=O)O)C(C2=CC=CC=C2)C3=CC=C(C=C3)Cl,1,,,,,,,,,,,,,,,,,,,
C1CN2CCC1C(C2)OC(=O)N3CCC4=CC=CC=C4C3C5=CC=CC=C5,0,,,,,,,,,,,,,,,,,,,
CC1=C(C(=CC=C1)C)NC(=O)CN2CCN(CC2)CC(COC3=CC=CC=C3OC)O,0,0,0,0,0,,0,0,0,0,0,0,0,,0,,0,0,,0
C1=CC(=CC=C1C(C(CO)NC(=O)C(Cl)Cl)O)[N+](=O)[O-],0,0,,1,,0,,0,0,,0,0,0,1,0,,0,0,,0
CC(C)(C)C(C(=O)NC(CC1=CC=CC=C1)C(CN(CC2=CC=C(C=C2)C3=CC=CC=N3)NC(=O)C(C(C)(C)C)NC(=O)OC)O)NC(=O)OC,1,0,0,1,1,1,1,0,,0,0,,0,0,0,0,0,1,,
CN=C1CN(C(=C2C=C(C=CC2=N1)Cl)C3=CC=CC=C3)O,1,,,,,,,,0,,,0,,,0,,,0,,
CCCCCCCCCC(=O)NC(CC1=CNC2=CC=CC=C21)C(=O)NC(CC(=O)N)C(=O)NC(CC(=O)O)C(=O)NC3C(OC(=O)C(NC(=O)C(NC(=O)C(NC(=O)CNC(=O)C(NC(=O)C(NC(=O)C(NC(=O)C(NC(=O)CNC3=O)CCCN)CC(=O)O)C)CC(=O)O)CO)C(C)CC(=O)O)CC(=O)C4=CC=CC=C4N)C,1,,,,,,,,,,,,,,,,,,,
CN1C(S(=O)(=O)CCC1=O)C2=CC=C(C=C2)Cl,1,0,,1,0,0,0,0,0,0,0,0,0,0,0,0,0,0,0,0
CCCCCOC1=CC=C(C=C1)C2=CC=C(C=C2)C3=CC=C(C=C3)C(=O)NC4CC(C(NC(=O)C5C(C(CN5C(=O)C(NC(=O)C(NC(=O)C6CC(CN6C(=O)C(NC4=O)C(C)O)O)C(C(C7=CC=C(C=C7)O)O)O)C(C)O)C)O)O)O,0,,,,,,,,,,,,,,,,,,,
B(C(CC(C)C)NC(=O)C(CC1=CC=CC=C1)NC(=O)C2=NC=CN=C2)(O)O,1,1,1,1,,1,,1,0,0,0,,1,1,,,,,,
C#CCNC1CCC2=CC=CC=C12,0,,,,,,,,,,,,,,,,,,,
CC(C1=CC=CC2=CC=CC=C21)NCCCC3=CC(=CC=C3)C(F)(F)F,0,,,,,,1,,,,,,,,,,,,,
CC1=NC2=C(N1)CCN(C3=CC=CC=C32)C(=O)C4=CC=C(C=C4)NC(=O)C5=CC=CC=C5C6=CC=CC=C6,0,,,,,,0,,,,,,,,,,,,,
C1CC2=C(C=CC(=C2)F)OC1C(CNCC(C3CCC4=C(O3)C=CC(=C4)F)O)O,0,,,,,,,,,,,,,,,,,,,
C1=CC=C2C(=C1)C(=O)NC2(C3=CC(=C(C=C3)Cl)S(=O)(=O)N)O,0,0,0,1,0,0,0,,0,0,0,0,0,0,0,0,0,0,0,0
COCCOC1=C(C=C2C(=C1)C(=NC=N2)NC3=CC=CC(=C3)C#C)OCCOC,1,0,0,0,,1,1,1,0,0,0,,0,1,,,0,1,,
CC1CN(CCC1(C)C2=CC(=CC=C2)O)CC(CC3=CC=CC=C3)C(=O)NCC(=O)O,0,,,,,,0,,,,,,,,,,,,,
C1=CN(C(=O)N=C1N)CC(CO)OCP(=O)(O)O,0,,,,,,,,0,,,0,,,0,,,0,,
CCC(=O)NCCC1CCC2=C1C3=C(C=C2)OCC3,0,,,,,,,,,,,,,,,,,,,
CC1=C(N=CN1)CSCCNC(=NC)NC#N,1,0,,1,1,,1,0,0,0,,0,0,0,0,0,0,0,,0
C1=CC=C(C=C1)C2=NC3=CC=CC=C3C(=C2)C(=O)O,1,0,1,1,1,0,,0,0,,0,1,,,0,,0,0,,0
CC(C)(C)NCC(=O)NC1=CC(=C2CC3CC4C(C(=O)C(=C(C4(C(=O)C3=C(C2=C1O)O)O)O)C(=O)N)N(C)C)N(C)C,0,0,,1,,0,,0,0,0,0,0,0,0,0,0,0,0,,
CCCC1(CC(=C(C(=O)O1)C(CC)C2=CC(=CC=C2)NS(=O)(=O)C3=NC=C(C=C3)C(F)(F)F)O)CCC4=CC=CC=C4,1,,,,,,1,,0,,,,,,1,,,1,,
C1C(C(OC1N2C=NC3=C(N=C(N=C32)Cl)N)CO)O,0,0,1,0,,0,0,0,0,0,0,0,0,,,0,0,,,0
CCCC1CC(N(C1)C)C(=O)NC(C2C(C(C(C(O2)SC)O)O)O)C(C)Cl,1,,,,,,,,,,,,,,,,,,,
CC1=C(C2=C(N1CC(=O)O)C=C(C=C2)OC)C(=O)C3=CC=C(C=C3)Cl,1,0,0,,1,0,,0,0,0,0,0,0,0,0,0,0,0,,
CC(C)OC(=O)NC1=CC2=C(C=C1)N=C(N2)C3=CSC=N3,0,,,,,,,,0,,,0,,,,,,,,
C1CN=C(N1)NC2=C(C=CC=C2Cl)Cl,0,0,0,0,0,0,0,0,0,0,0,0,0,0,0,0,0,0,,0
COC1=NC(=NC2=C1N=CN2C3C(C(C(O3)CO)O)O)N,1,0,1,0,0,0,0,0,0,0,0,0,0,0,0,0,0,,,
CC1=C(C(=NO1)C2=CC=CC=C2Cl)C(=O)NC3C4N(C3=O)C(C(S4)(C)C)C(=O)O,1,,,,,,,,,,,,,,,,,,,
C1CC(=O)NC(=O)C1N2CC3=C(C2=O)C=CC=C3N,1,0,0,,0,0,0,0,0,0,0,0,0,0,0,0,0,0,,
CCCCC(C1(CCC2C(O1)CC(=O)C2CCCCCCC(=O)O)O)(F)F,0,,,,,,,,0,,,0,,,,,,0,,
C1C2CNCC1C3=CC4=NC=CN=C4C=C23,1,,,,,,,,,,,,,,,,,,,
CNC(=O)C1=NC=CC(=C1)OC2=CC=C(C=C2)NC(=O)NC3=CC(=C(C=C3)Cl)C(F)(F)F,1,,,,,,,,,,,,,,,,,,,
CC(C)CN(CC(C(CC1=CC=CC=C1)NC(=O)OC2COC3C2CCO3)O)S(=O)(=O)C4=CC=C(C=C4)N,1,,,,,,1,,0,,,0,,,0,,,0,,
CC(C)C(CC1=CC(=C(C=C1)OC)OCCCOC)CC(C(CC(C(C)C)C(=O)NCC(C)(C)C(=O)N)O)N,1,,,,,,,,,,,,,,,,,,,
CN(C)CCC=C1C2=CC=CC=C2C=CC3=CC=CC=C31,1,,,,,,1,,,,,,,,,,,,,0
CC1=C(C(=CC=C1)Cl)NC(=O)C2=CN=C(S2)NC3=CC(=NC(=N3)C)N4CCN(CC4)CCO,1,1,0,,,1,1,,0,0,0,,0,1,1,1,1,,,
CC(=O)OC1=CC=C(C=C1)C(=C2CCCCC2)C3=CC=C(C=C3)OC(=O)C,1,0,0,1,1,0,1,1,0,0,0,1,,0,0,,,0,,
C1CN2C(=NN=C2C(F)(F)F)CN1C(=O)CC(CC3=CC(=C(C=C3F)F)F)N,1,,,,,,,,,,,,,,,,,,,
CC1=C(C(=O)N2CCCC(C2=N1)O)CCN3CCC(CC3)C4=NOC5=C4C=CC(=C5)F,0,,,,,,,,,,,,,,,,,,,
CCC(C(C)O)N1C(=O)N(C=N1)C2=CC=C(C=C2)N3CCN(CC3)C4=CC=C(C=C4)OCC5CC(OC5)(CN6C=NC=N6)C7=C(C=C(C=C7)F)F,0,,0,1,1,1,1,1,0,0,0,0,0,1,,,,,,
CN1CCC(=C2C3=CC=CC=C3C=CC4=CC=CC=C42)CC1,1,0,0,1,0,0,1,0,0,0,0,0,0,0,,,0,,,0
CC(C(C1CNC2=C(N1)C(=O)NC(=N2)N)O)O,0,,,,,,,,,,,,,,,,,,,
CC1CCC2CC(C(=CC=CC=CC(CC(C(=O)C(C(C(=CC(C(=O)CC(OC(=O)C3CCCCN3C(=O)C(=O)C1(O2)O)C(C)CC4CCC(C(C4)OC)OC(=O)C(C)(CO)CO)C)C)O)OC)C)C)C)OC,0,,,,,,,,0,,,0,,,0,,,,,
CCN(CC)C(=O)C1(CC1CN)C2=CC=CC=C2,1,,,,,,,,,,,,,,,,,,,
CNCCCN1C2=CC=CC=C2CCC3=CC=CC=C31,0,,,,,,1,,,,,,,,,,,,,0
CC1=C(C=CN=C1CS(=O)C2=NC3=CC=CC=C3N2)OCC(F)(F)F,1,,,,,,,,,,,,,,,,,,,
CC1CCC2CC(C(=CC=CC=CC(CC(C(=O)C(C(C(=CC(C(=O)CC(OC(=O)C3CCCCN3C(=O)C(=O)C1(O2)O)C(C)CC4CCC(C(C4)OC)OCCO)C)C)O)OC)C)C)C)OC,0,,,,,,,,0,,,,,,,,,1,,
CN1CCC23C4C1CC5=C2C(=C(C=C5)OC)OC3C(C=C4)O,0,0,0,0,0,0,,1,0,0,0,0,0,0,0,0,0,0,,
CCC(C)CCCCC(=O)NC(CCNCS(=O)(=O)[O-])C(=O)NC(C(C)O)C(=O)NC(CCNCS(=O)(=O)[O-])C(=O)NC1CCNC(=O)C(NC(=O)C(NC(=O)C(NC(=O)C(NC(=O)C(NC(=O)C(NC1=O)CCNCS(=O)(=O)[O-])CC(C)C)CC(C)C)CCNCS(=O)(=O)[O-])CCNCS(=O)(=O)[O-])C(C)O.[Na+].[Na+].[Na+].[Na+].[Na+],0,,,,,,,,,,,,,,,,,,,
CC1=C(N2C(C(C2=O)NC(=O)C(C3=CCC=CC3)N)SC1)C(=O)O,0,0,0,,0,0,1,0,0,0,0,0,0,0,0,0,0,0,,
CON=C(C1=CSC(=N1)N)C(=O)NC2C3N(C2=O)C(=CCS3)C(=O)O,0,,,,,,,,,,,,,,,,,,,
C1CC(OC1CO)N2C=NC3=C2N=CNC3=O,1,0,0,,0,0,0,0,0,0,,0,0,0,0,0,0,0,,0
CC1=C2COC(=O)C2=C(C(=C1OC)CC=C(C)CCC(=O)OCCN3CCOCC3)O,1,0,0,0,1,1,1,1,0,0,0,,0,0,,,1,,,
C=CC1=C(N2C(C(C2=O)NC(=O)C(=NO)C3=CSC(=N3)N)SC1)C(=O)O,1,,,,,,0,,0,,,0,,,0,,,0,,
CC(=O)OC1C(SC2=CC=CC=C2N(C1=O)CCN(C)C)C3=CC=C(C=C3)OC,1,0,0,0,0,1,1,0,0,0,0,0,0,1,,0,0,,,0
O,0,,,,,,,,,,,,,,,,,,,
CC(C)N(CCC(C1=CC=CC=C1)(C2=CC=CC=N2)C(=O)N)C(C)C,1,0,0,0,0,1,0,0,0,0,0,0,0,0,0,0,0,0,1,0
CC1=CC(=C(C=C1)C(=O)C(=C)CN(C)C)C,1,,,,,,,,,,,,,,,,,,,
CC1=C2C(C(=O)C3(C(CC4C(C3C(C(C2(C)C)(CC1OC(=O)C(C(C5=CC=CC=C5)NC(=O)OC(C)(C)C)O)O)OC(=O)C6=CC=CC=C6)(CO4)OC(=O)C)O)C)O,1,1,0,0,0,1,1,0,0,0,0,,0,1,1,0,,,,
CC(CCC1=CC=C(C=C1)O)NCCC2=CC(=C(C=C2)O)O,0,0,0,0,0,0,1,0,0,0,0,0,0,0,0,0,0,0,,
COC1=C(C=C2C(=C1)C(=NC(=N2)N3CCN(CC3)C(=O)C4COC5=CC=CC=C5O4)N)OC,0,,,,,,,,,,,,,,,,,,,
CN(C)CCC=C1C2=CC=CC=C2COC3=CC=CC=C31,1,,,,,,,,,,,,,,,,,,,0
C1CN(CC=C1N2C3=CC=CC=C3NC2=O)CCCC(=O)C4=CC=C(C=C4)F,0,0,0,0,0,0,,0,0,0,0,0,0,1,0,0,0,0,1,0
CN1C2=C(C3=CC=CC=C3S1(=O)=O)OC(=O)N(C2=O)C4=CC=CC=N4,1,,,,,,,,,,,,,,,,,,,
CC1=CC(=C(C=C1)C(=O)C(=C)CN(C)C)C,1,,,,,,,,,,,,,,,,,,,
C1CC1C#CC2(C3=C(C=CC(=C3)Cl)NC(=O)O2)C(F)(F)F,1,,1,1,1,0,1,1,1,0,0,0,0,1,,0,,,,
CC(C)NCC(COC1=CC=C(C=C1)CCC(=O)OC)O,0,,,,,,,,,,,,,,,,,,,
C1C2=NN=CN2C3=C(C=C(C=C3)Cl)C(=N1)C4=CC=CC=C4,0,,,,,,,,0,,,0,,,0,,,0,,
CC12CCC3C(C1CCC2O)CCC4=C3C=CC(=C4)OC(=O)N(CCCl)CCCl,1,0,0,0,0,0,0,,0,0,1,,0,0,0,,,,,
CCC(CO)NCCNC(CC)CO,1,,,,,,0,,,,,,,,,,,,,
CCC1=NC=CC(=C1)C(=S)N,1,0,,1,,0,1,,0,0,0,0,0,,0,,0,0,,0
CC(O)(P(=O)(O)O)P(=O)(O)O,0,0,0,0,,0,,0,0,0,0,0,0,0,0,0,0,0,,0
CCOC(=O)C1=CN=CN1C(C)C2=CC=CC=C2,0,,,,,,,,,,,,,,,,,,,0
C1=CC(=C(C(=C1C(=O)C2=CC(=C(C(=C2)O)O)O)O)O)O,1,0,1,1,1,0,,,0,0,0,,0,0,,0,,,,
CC(C)(C1=CC=C(C=C1)C(CCCN2CCC(CC2)C(C3=CC=CC=C3)(C4=CC=CC=C4)O)O)C(=O)O,0,,,,,,,,,,,,,,,,,,,0
C1CN(CCN1CC2=CC3=C(C=C2)OCO3)C(=O)COC4=CC=C(C=C4)Cl,1,,,,,,,,,,,,,,,,,,,0
C1=C(C(=O)NC(=O)N1C2C(C(C(O2)CO)O)F)I,1,,,,,,,,,,,,,,,,,,,
C1CCNC(C1)CNC(=O)C2=C(C=CC(=C2)OCC(F)(F)F)OCC(F)(F)F,1,0,0,0,0,0,1,0,0,0,0,0,0,0,0,0,0,,,
C1=NC(=O)NC(=C1F)N,0,0,0,0,0,0,,0,0,0,0,0,0,0,0,0,0,0,,0
C1=NC2=C(N=C(N=C2N1C3C(C(C(O3)CO)O)O)F)N,0,0,0,,0,0,0,1,0,0,0,0,0,0,0,0,0,,,0
CCN(CC)CCN1C(=O)CN=C(C2=C1C=CC(=C2)Cl)C3=CC=CC=C3F,1,0,0,0,,1,1,0,0,0,0,0,0,0,0,0,0,,,
COCCCCC(=NOCCN)C1=CC=C(C=C1)C(F)(F)F,0,0,1,1,1,1,1,,0,0,0,,0,0,0,0,0,,,
C(=O)(O)P(=O)(O)O,0,,,,,,,,,,,,,,,,,,,
CC1C(O1)P(=O)(O)O,1,,,,,,,,,,,,,,,,,,,
CCC(=O)OC(C(C)C)OP(=O)(CCCCC1=CC=CC=C1)CC(=O)N2CC(CC2C(=O)O)C3CCCCC3,1,,,,,,,,,,,,,,,,,,,
C1=CC=C(C=C1)C2(C(=O)N(C(=O)N2)COP(=O)(O)O)C3=CC=CC=C3,1,0,0,0,0,0,0,0,,0,0,,0,0,,0,0,,,
C1=CN(C(=O)N=C1N)C2C(C(C(O2)CO)O)(F)F,1,,,,,,,,,,,,,,,,,,,
C1NC2=CC(=C(C=C2S(=O)(=O)N1)S(=O)(=O)N)Cl,1,0,0,1,0,0,0,0,0,0,0,0,0,0,0,0,0,0,,0
CC1C(C(CC(O1)OC2CC(CC3=C2C(=C4C(=C3O)C(=O)C5=CC=CC=C5C4=O)O)(C(=O)C)O)N)O,0,,,,,,,,,,,,,,,,,,,0
CC1CC2=CC=CC=C2N1NC(=O)C3=CC(=C(C=C3)Cl)S(=O)(=O)N,0,0,0,0,,1,1,0,0,,0,0,0,0,0,0,0,0,,0
CC(C)(C)NC(=O)C1CN(CCN1CC(CC(CC2=CC=CC=C2)C(=O)NC3C(CC4=CC=CC=C34)O)O)CC5=CN=CC=C5,0,,,,,,1,,,,,,,,,,,,,
CNCC(C(C(C(CO)O)O)O)O.CNCC(C(C(C(CO)O)O)O)O.C1=C(C(=C(C(=C1I)NC(=O)CCCCC(=O)NC2=C(C=C(C(=C2I)C(=O)O)I)I)I)C(=O)O)I,0,,,,,,,,,,,,,,,,,,,
CCC1=C2CN3C(=CC4=C(C3=O)COC(=O)C4(CC)O)C2=NC5=C1C=C(C=C5)OC(=O)N6CCC(CC6)N7CCCCC7,1,,,,,,,,,,,,,,,,,,,
CSCCC(C(=O)O)N,0,,,,,,,,,,,,,,,,,,,
CC1=C(C(C(=C(N1)C)C(=O)OC(C)C)C2=CC=CC3=NON=C32)C(=O)OC,1,0,0,1,1,1,1,0,0,0,0,0,0,,,0,0,,,0
C1C(C(C(C(C1N)OC2C(C(C(C(O2)CN)O)O)O)O)OC3C(C(C(C(O3)CO)O)N)O)N,0,,,,,,,,,,,,,,,,,,,
CC1=CC2=C(C=C1C)N(C3=NC(=O)NC(=O)C3=N2)CC(C(C(CO)O)O)O,0,0,,1,,0,1,0,0,0,,0,0,0,0,0,0,0,,
C1=CC(=C(C(=C1)Cl)Cl)C2=C(N=C(N=N2)N)N,1,0,0,0,0,0,0,0,0,0,0,0,0,0,0,0,0,0,,0
C[N+](C)(C)CC(CC(=O)[O-])O,0,,,,,,,,,,,,,,,,,,,
CC1COC2=C3N1C=C(C(=O)C3=CC(=C2N4CCN(CC4)C)F)C(=O)O,1,,,,,,,,,,,,,,,,,,,
CCC12CCC3C(C1CCC2(C#C)O)CCC4=CC(=O)CCC34,0,0,0,1,1,1,1,,0,0,,0,0,0,,0,0,,0,0
C1CC(N(C1)C(=O)C(CCCCN)NC(CCC2=CC=CC=C2)C(=O)O)C(=O)O,1,,,,,,,,,,,,,,,,,,,
C1CC(=C(N2C1C(C2=O)NC(=O)C(C3=CC=CC=C3)N)C(=O)O)Cl,1,,,,,,,,,,,,,,,,,,,
CCOC(=O)N1CCC(=C2C3=C(CCC4=C2N=CC=C4)C=C(C=C3)Cl)CC1,0,0,,1,1,0,1,1,,,0,0,,1,,,1,,,0
CCCCC1=NC(=C(N1CC2=CC=C(C=C2)C3=CC=CC=C3C4=NNN=N4)CO)Cl,1,0,0,0,1,1,1,0,0,0,0,1,0,0,0,0,0,0,,0
CN1CCN(CC1)C2=NC3=CC=CC=C3OC4=C2C=C(C=C4)Cl,0,,,,,,,,,,,,,,,,,,,
CC(C1=CC=CC=C1)NN,1,,,,,,,,,,,,,,,,,,,
CN(CCCl)CCCl,0,,,,,,,,,,,,,,,,,,,0
CC1=C(C2=C(CCC(O2)(C)CCCC(C)CCCC(C)CCCC(C)C)C(=C1O)C)C,0,0,0,,0,0,0,0,0,0,0,0,0,0,0,0,0,0,,0
C1CCNC(C1)C(C2=CC(=NC3=C2C=CC=C3C(F)(F)F)C(F)(F)F)O,1,,,,,,,,,,,,,,,,,,,
C1=CC(=CC=C1CC(C(=O)O)N)N(CCCl)CCCl,1,1,1,1,1,1,1,0,0,0,0,,0,1,0,0,,,1,0
CCCC(C)(COC(=O)N)COC(=O)N,0,0,0,1,,,,0,0,0,0,0,,0,0,0,0,0,,0
CC1C2C(C(=O)N2C(=C1SC3CC(NC3)C(=O)N(C)C)C(=O)O)C(C)O,1,0,1,0,0,,,0,0,0,0,0,0,0,0,0,0,0,,0
CC(=O)N=C1N(N=C(S1)S(=O)(=O)N)C,1,,,,,,,,0,,,0,,,0,,,0,1,
COC(=O)C(C1CCCCN1)C2=CC=CC=C2,1,,,,,,,,,,,,,,,,,,,
CCN(CC)CCNC(=O)C1=CC(=C(C=C1OC)N)Cl,1,0,0,0,0,0,0,0,0,,0,0,0,0,0,0,0,0,,0
CC1=C(C(=CC=C1)C)OCC(C)N,1,,,,,,0,,,,,,,,,,,,,
CC1=NC=C2N1C3=C(C=C(C=C3)Cl)C(=NC2)C4=CC=CC=C4F,0,,,,,,,,,,,,,,,,,,,
COC1=CC(=C(C=C1)OC)C(CNC(=O)CN)O,0,,,,,,,,,,,,,,,,,,,
CN1CCN2C(C1)C3=CC=CC=C3CC4=C2N=CC=C4,1,,,,,,,,0,,,0,,,0,,,,,0
C1=CC=C(C(=C1)C(C2=CC=C(C=C2)Cl)C(Cl)Cl)Cl,0,0,0,1,1,0,1,,0,1,0,0,,,1,,0,,0,0
C1=CC(=C2C(=C1NCCNCCO)C(=O)C3=C(C=CC(=C3C2=O)O)O)NCCNCCO,1,,,,,,,,,,,,,,,,,,,0
CCOC(=O)C(CCC1=CC=CC=C1)NC(C)C(=O)N2CC3=CC(=C(C=C3CC2C(=O)O)OC)OC,0,,,,,,,,,,,,,,,,,,,
CC1=CC(=C(C=C1OC(=O)C)C(C)C)OCCN(C)C,1,,,,,,,,,,,,,,,,,,,0
C1=CC(=CC=C1C(=O)NC(CCC(=O)O)C(=O)O)NCC2=CN=C3C(=N2)C(=O)NC(=N3)N,0,0,,1,0,0,0,0,0,0,0,0,0,0,,0,0,0,0,0
CC(=O)CCC1=CC2=C(C=C1)C=C(C=C2)OC,0,0,1,1,,0,,1,0,0,0,0,1,0,0,,0,0,,0
CC(C)(C)NCC(COC1=CC=CC2=C1CC(C(C2)O)O)O,0,0,0,0,0,0,0,0,0,0,0,0,0,0,0,0,,0,1,0
CCOC1=C(C2=CC=CC=C2C=C1)C(=O)NC3C4N(C3=O)C(C(S4)(C)C)C(=O)O,1,,,,,,,,,,,,,,,,,,,
C1CC(C1)CN2CCC34C5C(CCC3(C2CC6=C4C(=C(C=C6)O)O5)O)O,0,,,,,,,,0,,,0,,,0,,,0,,
C1=CC=C(C=C1)CNC(=O)CCNNC(=O)C2=CC=NC=C2,1,0,,1,1,1,1,0,0,0,0,0,0,0,0,,0,0,,0
CC1=C(C(C(=C(N1)C)C(=O)OCCN(C)CC2=CC=CC=C2)C3=CC(=CC=C3)[N+](=O)[O-])C(=O)OC,0,0,0,1,1,1,1,,,0,0,,0,1,1,,,,,
CC1=C(C(C(=C(N1)C)C(=O)OC(C)C)C2=CC(=CC=C2)[N+](=O)[O-])C(=O)OCCOC,0,0,1,1,1,1,,,0,0,0,0,0,1,1,0,0,,,0
C(C(CO[N+](=O)[O-])O[N+](=O)[O-])O[N+](=O)[O-],0,,,,,,,,,,,,,,,,,,,
CN1CC(C2=C(C1)C(=CC=C2)N)C3=CC=CC=C3,1,0,,0,,1,,0,0,0,0,0,0,0,0,0,0,,,
CCN1C=C(C(=O)C2=CC(=C(C=C21)N3CCNCC3)F)C(=O)O,1,0,0,0,0,0,0,0,0,0,0,0,0,0,0,0,0,0,1,
CNCCC=C1C2=CC=CC=C2CCC3=CC=CC=C31,1,,,,,,1,,,,,,,,,,,,,0
CC(C1C(=O)NC(CSSCC(C(=O)NC(C(=O)NC(C(=O)NC(C(=O)N1)CCCCN)CC2=CNC3=CC=CC=C32)CC4=CC=CC=C4)NC(=O)C(CC5=CC=CC=C5)N)C(=O)NC(CO)C(C)O)O,1,,,,,,,,,,,,,,,,,,,
CC1=NC=CN1CC2CCC3=C(C2=O)C4=CC=CC=C4N3C,1,0,,0,0,,1,0,0,0,0,0,0,,0,0,0,0,,
CC1COC2=C3N1C=C(C(=O)C3=CC(=C2N4CCN(CC4)C)F)C(=O)O,1,0,0,0,0,0,0,0,0,0,0,0,0,0,0,0,0,0,,
CCOC(=O)C1(CCN(CC1)CCC(C#N)(C2=CC=CC=C2)C3=CC=CC=C3)C4=CC=CC=C4,0,,,,,,,,,,,,,,,,,,,
CC[N+](CC)(CCNC(=O)C(=O)NCC[N+](CC)(CC)CC1=CC=CC=C1Cl)CC2=CC=CC=C2Cl,0,,,,,,,,,,,,,,,,,,,0
CC1=C(C(=NO1)C2=CC=CC=C2)C(=O)NC3C4N(C3=O)C(C(S4)(C)C)C(=O)O,1,,,,,,,,,,,,,,,,,,,
COC1=C(C=C(C=C1)CC2=NC=CC3=CC(=C(C=C32)OC)OC)OC,1,,,,,,,,,,,,,,,,,,,0
CC(C)(C)NCC(COC1=CC=CC=C1C2CCCC2)O,0,,,,,,,,,,,,,,,,,,,
CC1(C(N2C(S1)C(C2=O)NC(=O)CC3=CC=CC=C3)C(=O)O)C,1,,,,,,,,,,,,,,,,,,,0
CC1(C(N2C(S1)C(C2=O)NC(=O)COC3=CC=CC=C3)C(=O)O)C,0,,,,,,,,,,,,,,,,,,,0
CC1C2CC3=C(C1(CCN2CC=C(C)C)C)C=C(C=C3)O,0,,,,,,,,,,,,,,,,,,,
C1C(C(OC1N2C=NC3=C2NC=NCC3O)CO)O,1,,,,,,0,,0,,,0,,,0,,,0,,
C1CN(CCN1CCCN2C3=CC=CC=C3SC4=C2C=C(C=C4)Cl)CCO,1,1,1,1,0,,1,,0,,0,0,,1,0,,,,1,0
C1=CC=C(C=C1)CCNN,1,,,,,,,,,,,,,,,,,,,0
CC(C(C1=CC=CC=C1)O)NC,0,,,,,,,,,,,,,,,,,,,
C1CN(CCC1N2C3=CC=CC=C3NC2=O)CCCC(C4=CC=C(C=C4)F)C5=CC=C(C=C5)F,0,1,,1,1,0,1,,,1,0,0,,1,,,,,1,0
CC(C)NCC(COC1=CC=CC2=C1C=CN2)O,0,0,0,0,0,0,1,0,0,0,0,0,0,0,0,0,0,0,1,0
CCN1CCN(C(=O)C1=O)C(=O)NC(C2=CC=CC=C2)C(=O)NC3C4N(C3=O)C(C(S4)(C)C)C(=O)O,0,,,,,,,,,,,,,,,,,,,
CN1C(=C(C2=CC=CC=C2S1(=O)=O)O)C(=O)NC3=CC=CC=N3,1,0,,0,1,,,,0,0,0,0,,0,0,0,0,0,,0
CC(C1=CC(=C(C=C1)N2CC=CC2)Cl)C(=O)O,1,,,,,,,,,,,,,,,,,,,
C1=CC=C(C(=C1)C(=O)OC2=CC=CC=C2C(=O)O)O,1,0,0,,,0,0,0,0,0,0,0,0,0,0,0,0,0,,
CCCN(CCC)S(=O)(=O)C1=CC=C(C=C1)C(=O)O,0,0,0,0,,0,0,0,0,0,0,0,0,0,0,0,0,,,0
CCN(CC)CCNC(=O)C1=CC=C(C=C1)N,1,0,0,0,0,0,0,0,0,0,0,0,0,0,0,0,0,0,,0
CCCNCC(COC1=CC=CC=C1C(=O)CCC2=CC=CC=C2)O,1,0,1,1,0,1,1,,0,0,0,,0,0,0,,0,,,
CC(C)NCC(COC1=CC=CC2=CC=CC=C21)O,0,,,,,,,,,,,,,,,,,,,
C1C(=S)N(C2=C(C=C(C=C2)Cl)C(=N1)C3=CC=CC=C3F)CC(F)(F)F,0,,,,,,,,,,,,,,,,,,,
CCOC(=O)C(CCC1=CC=CC=C1)NC(C)C(=O)N2CC3=CC=CC=C3CC2C(=O)O,1,,,,,,1,,,,,,,,,,,,,
COC1=CC2=C(C=CN=C2C=C1)C(C3CC4CCN3CC4C=C)O,1,0,0,,0,,1,0,0,0,0,0,0,0,0,0,,0,,0
CCOC(=O)C(CCC1=CC=CC=C1)NC(C)C(=O)N2C3CCCC3CC2C(=O)O,1,0,0,0,0,0,1,0,0,0,0,0,0,0,0,0,0,0,,
C1=NC(=NN1C2C(C(C(O2)CO)O)O)C(=O)N,0,0,0,0,,0,0,,0,0,0,,0,0,,,,,,0
COC1C(CC2CN3CCC4=C(C3CC2C1C(=O)OC)NC5=C4C=CC(=C5)OC)OC(=O)C6=CC(=C(C(=C6)OC)OC)OC,0,1,,,1,,1,,0,0,0,,0,1,,,,,1,0
C1=CC2=C(C=C1OC(F)(F)F)SC(=N2)N,1,0,1,1,,0,,0,0,,0,0,1,0,1,0,0,1,,0
CC1=C(C(=O)N2CCCCC2=N1)CCN3CCC(CC3)C4=NOC5=C4C=CC(=C5)F,1,0,,0,0,0,0,,0,,0,0,0,,0,0,0,0,,0
CC(C)C1=NC(=CS1)CN(C)C(=O)NC(C(C)C)C(=O)NC(CC2=CC=CC=C2)CC(C(CC3=CC=CC=C3)NC(=O)OCC4=CN=CS4)O,1,,,1,1,1,1,,0,1,0,,0,1,1,0,1,,,0
CC(C)(C)NC(=O)C1CC2CCCCC2CN1CC(C(CC3=CC=CC=C3)NC(=O)C(CC(=O)N)NC(=O)C4=NC5=CC=CC=C5C=C4)O,1,,,,,,,,,,,,,,,,,,,
CC(CC1=CC=CC=C1)N(C)CC#C,0,,,,,,,,,,,,,,,,,,,0
C(C(C(=O)O)S)(C(=O)O)S,1,,,,,,,,,,,,,,,,,,,
CNS(=O)(=O)CC1=CC2=C(C=C1)NC=C2CCN(C)C,0,0,0,,0,0,0,0,0,0,0,0,0,0,0,0,0,0,,0
CN1C2=C(C=C(C=C2)Cl)C(=NC(C1=O)O)C3=CC=CC=C3,0,0,1,1,1,,,0,0,,0,0,0,0,,,0,0,,0
COC1=CC(=CC(=C1O)OC)C2C3C(COC3=O)C(C4=CC5=C(C=C24)OCO5)OC6C(C(C7C(O6)COC(O7)C8=CC=CS8)O)O,1,,,,,,,,,,,,,,,,,,,
C1CN1P(=S)(N2CC2)N3CC3,1,0,1,1,1,1,1,,0,,0,0,0,,0,,0,0,,1
COC1=C(C=C2C(=C1)C(=NC(=N2)N3CCN(CC3)C(=O)C4CCCO4)N)OC,0,,,,,,,,,,,,,,,,,,,
CC(C)(C)NCC(COC1=NSN=C1N2CCOCC2)O,0,0,0,0,0,0,0,0,0,0,0,0,0,0,0,0,0,0,,0
CCCCCCCCNC(C)C(C1=CC=C(C=C1)SC(C)C)O,1,,,,,,,,,,,,,,,,,,,0
CC1=CC=C(C=C1)C(=O)C2=CC=C(N2C)CC(=O)O,1,,,,,,,,,,,,,,,,,,,
CN(CC(=O)O)C(=S)C1=CC=CC2=C1C=CC(=C2C(F)(F)F)OC,1,,,,,,,,,,,,,,,,,,,
CCC1(C2=C(COC1=O)C(=O)N3CC4=CC5=C(C=CC(=C5CN(C)C)O)N=C4C3=C2)O,0,,,,,,,,,,,,,,,,,,,
CN(C)CC1CCCCC1(C2=CC(=CC=C2)OC)O,0,,,,,,,,,,,,,,,,,,,0
CCOC(=O)C(CCC1=CC=CC=C1)NC(C)C(=O)N2C3CCCCC3CC2C(=O)O,1,,,,,,,,0,,,0,,,0,,,0,,
C1C(C1N)C2=CC=CC=C2,1,,,,,,,,,,,,,,,,,,,
C1CN(CCN1CCCN2C(=O)N3C=CC=CC3=N2)C4=CC(=CC=C4)Cl,1,,,,,,,,,,,,,,,,,,,
C1=CC=C(C=C1)C2=NC3=C(N=C(N=C3N=C2N)N)N,1,1,1,0,,0,0,,0,0,,,1,1,,,,,,
CC1=NN=C2N1C3=C(C=C(C=C3)Cl)C(=NC2)C4=CC=CC=C4Cl,0,,,,,,,,0,,,0,,,,,,0,,
C1CCC(CC1)C(CCN2CCCCC2)(C3=CC=CC=C3)O,0,,,,,,,,,,,,,,,,,,,
CN(C)CCOC1=CC=C(C=C1)CNC(=O)C2=CC(=C(C(=C2)OC)OC)OC,0,,,,,,,,,,,,,,,,,,,0
COC1=CC(=CC(=C1OC)OC)CC2=CN=C(N=C2N)N,1,0,1,0,,1,,0,0,0,0,0,0,0,0,0,0,0,,0
C1=CC(=CC=C1C2=NC(=CS2)CC(=O)O)Cl,1,0,0,0,0,0,0,0,0,0,0,0,0,0,0,,0,0,,
C1=CC(=CC=C1S(=O)(=O)NC=NCCSCC2=CSC(=N2)N=C(N)N)Br,1,,,,,,,,,,,,,,,,,,,
C1=CC=C(C(=C1)CC(=O)OCC(=O)O)NC2=C(C=CC=C2Cl)Cl,1,0,0,0,1,0,1,0,0,0,0,1,0,0,0,0,,0,,0
CC1=NC(=CN1C2=CC=C(C=C2)[N+](=O)[O-])[N+](=O)[O-],1,0,0,0,0,0,0,0,0,0,0,0,0,0,0,0,0,0,,
CC(C)C(C(=O)OCCOCN1C=NC2=C1N=C(NC2=O)N)N,1,,,,,,0,,,,,,,,,,,,,0
CCCCC(=O)N(CC1=CC=C(C=C1)C2=CC=CC=C2C3=NNN=N3)C(C(C)C)C(=O)O,1,,,,,,,,,,,,,,,,,,,
CCC1(CC2CC(C3=C(CCN(C2)C1)C4=CC=CC=C4N3)(C5=C(C=C6C(=C5)C78CCN9C7C(C=CC9)(C(C(C8N6C=O)(C(=O)OC)O)OC(=O)C)CC)OC)C(=O)OC)O,1,0,0,0,0,1,,,0,0,0,,,0,,0,,,,
CCOC(C(=O)C1=CC=C(C=C1)C2=CC=CC=C2)NC3=CC=C(C=C3)C(=O)O,1,,,,,,,,,,,,,,,,,,,
CC1=CC=CC=C1S(=O)(=O)NC(=O)C2=CC(=C(C=C2)CC3=CN(C4=C3C=C(C=C4)NC(=O)OC5CCCC5)C)OC,1,0,0,0,1,1,1,1,0,0,0,1,0,0,,,,,,
CN1CCC(CC1)NC2=NC=C3C(=N2)C(=NC=N3)NC4=CC(=C(C=C4)F)Cl,1,,,,,,,,,,,,,,,,,,,
CN1C=NC2=C1C(=O)N(C(=O)N2C)C,0,0,1,1,,0,0,1,,0,0,0,0,1,,0,0,,,0
CCN(CC)CC(=O)NC1=C(C=CC=C1C)C,0,0,0,0,0,0,0,0,0,0,0,0,0,0,0,,0,0,,0
C(CN)C(O)(P(=O)(O)O)P(=O)(O)O,0,0,1,0,0,0,0,0,0,0,0,0,0,0,0,0,0,0,,0
CC12CC3CC(C1)(CC(C3)(C2)N)C,1,0,0,0,0,0,0,0,0,0,0,0,0,0,0,0,0,,,
COC1=CC2=C(C=CN=C2C=C1)C(C3CC4CCN3CC4C=C)O,1,0,1,0,0,0,,,0,0,0,0,0,0,0,0,0,,,
CC(C)C1=NC(=NC(=C1C=CC(CC(CC(=O)O)O)O)C2=CC=C(C=C2)F)N(C)S(=O)(=O)C,1,,,,,,,,,,,,,,,,,,,
CC1=NN=C(S1)NS(=O)(=O)C2=CC=C(C=C2)N,1,0,0,1,1,,,0,0,0,0,0,0,0,0,0,0,0,0,0
CCC1C2(C(C(C(=O)C(CC(C(C(C(=O)C(C(=O)O1)C)C)OC3C(C(CC(O3)C)N(C)C)O)(C)OC)C)C)N(C(=O)O2)CCCCN4C=C(N=C4)C5=CN=CC=C5)C,1,,,,,,,,0,,,0,,,0,,,0,,
CCN(CC)C(=O)C(=CC1=CC(=C(C(=C1)O)O)[N+](=O)[O-])C#N,1,0,0,0,1,0,1,1,,,0,0,,,0,,0,,,
CC1=C(C(=NO1)C2=CC=CC=C2)C3=CC=C(C=C3)S(=O)(=O)N,1,0,0,1,1,0,0,0,0,0,0,0,0,1,0,0,0,0,,0
CC(C)(CO)C(C(=O)NCCCO)O,0,0,0,0,0,0,0,0,0,0,0,0,0,0,0,0,0,0,,0
CN1C2CC(CC1C3C2O3)OC(=O)C(CO)C4=CC=CC=C4,0,,,,,,,,,,,,,,,,,,,
CC1=NC=C(C(=C1O)CO)CO,0,0,0,0,0,0,,0,0,0,0,0,0,0,,0,0,0,,
CC1=C(SC=[N+]1CC2=CN=C(N=C2N)C)CCO,0,,,,,,0,,,,,,,,,,,,,
C1=CC2=C(C(=C1)OCC(COC3=CC=CC4=C3C(=O)C=C(O4)C(=O)O)O)C(=O)C=C(O2)C(=O)O,1,,,,,,,,,,,,,,,,,,,0
CC1=CC2=C(C=C1C)N(C=N2)C3C(C(C(O3)CO)OP(=O)([O-])OC(C)CNC(=O)CCC4(C(C5C6(C(C(C(=C(C7=NC(=CC8=NC(=C(C4=N5)C)C(C8(C)C)CCC(=O)N)C(C7(C)CC(=O)N)CCC(=O)N)C)[N-]6)CCC(=O)N)(C)CC(=O)N)C)CC(=O)N)C)O.[C-]#N.[Co+3],0,,,0,,0,0,0,0,,0,0,,0,0,0,0,0,1,
CC(C)(C1=CC=CC=C1CCC(C2=CC=CC(=C2)C=CC3=NC4=C(C=CC(=C4)Cl)C=C3)SCC5(CC5)CC(=O)O)O,1,,,,,,,,,,,,,,,,,,,
COC1=C2C(=CC(=C1N3CC4CCCNC4C3)F)C(=O)C(=CN2C5CC5)C(=O)O,1,,,,,,,,,,,,,,,,,,,
C(C(C1C(=C(C(=O)O1)O)O)O)O,0,0,0,0,0,0,0,0,0,0,0,0,0,0,0,0,0,,,0
C(C(C(C(C(CO)O)O)O)O)O,0,0,0,0,0,0,,0,0,0,0,0,0,0,0,0,0,0,,
CCCCCOC(=O)NC1=NC(=O)N(C=C1F)C2C(C(C(O2)C)O)O,0,0,0,0,0,0,0,0,0,0,0,0,0,0,0,,0,0,,
CN1CCCC1CC2=CNC3=C2C=C(C=C3)CCS(=O)(=O)C4=CC=CC=C4,0,0,0,0,1,1,1,0,0,0,0,0,0,0,0,0,0,,,
CCNC(=O)C1CCCN1C(=O)C(CCCN=C(N)N)NC(=O)C(CC(C)C)NC(=O)C(CC(C)C)NC(=O)C(CC2=CC=C(C=C2)O)NC(=O)C(CO)NC(=O)C(CC3=CNC4=CC=CC=C43)NC(=O)C(CC5=CN=CN5)NC(=O)C6CCC(=O)N6,1,,,,,,,,,,,,,,,,,,,
CCN(CCCC(C)NC1=C2C=CC(=CC2=NC=C1)Cl)CCO,1,,,,,,,,,,,,,,,,,,,0
CCOC(=O)CNC(C1CCCCC1)C(=O)N2CCC2C(=O)NCC3=CC=C(C=C3)C(=NO)N,1,,,,,,,,0,,,0,,,0,,,0,,
CNCCC(C1=CC=CS1)OC2=CC=CC3=CC=CC=C32,1,,,,,,,,,,,,,,,,,,,
CCCC(C)(COC(=O)N)COC(=O)NC(C)C,0,0,,1,0,,0,0,0,,0,0,0,0,0,,0,0,1,0
CC1=C(C(=NO1)C2=C(C=CC=C2Cl)Cl)C(=O)NC3C4N(C3=O)C(C(S4)(C)C)C(=O)O,1,,,,,,,,,,,,,,,,,,,
CC1NC2=CC(=C(C=C2C(=O)N1C3=CC=CC=C3C)S(=O)(=O)N)Cl,0,0,0,0,,,1,0,0,0,0,0,0,0,0,0,0,0,1,
CC(C)(CO)N.CN1C2=C(C(=O)N(C1=O)C)NC(=N2)Br,0,,,,,,,,,,,,,,,,,,,
CN1CCC23CCCCC2C1CC4=C3C=C(C=C4)OC,0,,,,,,,,,,,,,,,,,,,
CCCC1=NC2=C(N1CC3=CC=C(C=C3)C4=CC=CC=C4C(=O)O)C=C(C=C2C)C5=NC6=CC=CC=C6N5C,1,0,0,1,1,0,,1,0,0,0,1,0,,,0,1,,,0
C1C(C(C(C(C1N)OC2C(C(C(C(O2)CO)O)O)N)OC3C(C(C(O3)CO)OC4C(C(C(C(O4)CN)O)O)N)O)O)N,0,,,,,,,,,,,,,,,,,,,
[NH4+].[Cl-],0,,,,,,,,,,,,,,,,,,,
C1(=C(N=C(C(=N1)Cl)N)N)C(=O)N=C(N)N,1,0,0,0,0,0,,,0,0,0,,0,0,,0,0,,,
CCC(CO)NC(=O)C1CN(C2CC3=CN(C4=CC=CC(=C34)C2=C1)C)C,0,0,,0,,,1,0,0,0,0,0,0,0,0,0,0,0,,
CCC(CO)NC(=O)C1CN(C2CC3=CNC4=CC=CC(=C34)C2=C1)C,0,0,,,,0,1,0,0,0,0,0,0,0,0,0,0,0,,
CN(C)CCC(C1=CC=C(C=C1)Br)C2=CC=CC=N2,0,,,,,,,,,,,,,,,,,,,
C(CC(C(=O)O)N)CN=C(N)N,0,0,0,0,0,0,0,0,0,0,0,0,0,0,0,0,0,0,,0
C[N+]1=CC=CC(=C1)OC(=O)N(C)C,0,,,,,,,,,,,,,,,,,,,
CC(COC1=CC=CC=C1)N(CCCl)CC2=CC=CC=C2,0,0,0,1,1,0,1,1,0,0,0,0,0,0,,,,0,,
CCN(CC)CC#CCOC(=O)C(C1CCCCC1)(C2=CC=CC=C2)O,0,,,,,,0,,,,,,,,,,,,,
CC1=CC=CC=C1C(C2=CC=CC=C2)OCCN(C)C,0,,,,,,,,,,,,,,,,,,,
CN(C)C(=O)C(CCN1CCC(CC1)(C2=CC=C(C=C2)Cl)O)(C3=CC=CC=C3)C4=CC=CC=C4,0,,0,,,0,1,0,0,0,0,,0,1,,,0,,,0
CC(COC1=CC=CC=C1)NC(C)C(C2=CC=C(C=C2)O)O,0,,,,,,,,,,,,,,,,,,,
C1=CC=C(C(=C1)C(=O)OCC(CO)O)NC2=C3C=CC(=CC3=NC=C2)Cl,1,,,,,,,,,,,,,,,,,,,
CC(=O)OCC[N+](C)(C)C.[Cl-],0,0,1,,0,0,,0,0,0,0,0,0,0,0,0,0,0,,0
CC(CC1=CC=CC=C1)N,1,,,,,,,,,,,,,,,,,,,
CN1CCCC(C1)CN2C3=CC=CC=C3SC4=CC=CC=C42,1,,,,,,,,0,,,,,,0,,,,,
CCCCCCCCCC(=O)OC1CCC2C1(CCC3C2CCC4=CC(=O)CCC34)C,1,0,0,1,1,1,1,0,0,0,0,0,0,0,1,0,,0,,0
CCP(CC)CC.CC(=O)OCC1C(C(C(C(O1)[S-])OC(=O)C)OC(=O)C)OC(=O)C.[Au+],1,,,,,,,,,,,,,,,,,,,
C[N+](C)(C)CC(=O)[O-],0,0,0,,0,0,,0,0,0,0,0,0,0,0,0,0,0,,
CC(=O)OC1=CC=C(C=C1)C(C2=CC=C(C=C2)OC(=O)C)C3=CC=CC=N3,0,0,,1,1,,1,,0,,0,0,0,,,,0,0,,0
C1C(N(C2=C(N1)N=C(NC2=O)N)C=O)CNC3=CC=C(C=C3)C(=O)NC(CCC(=O)O)C(=O)O,0,,,,,,,,,,,,,,,,,,,
CC(C(=O)OC(C)(C)CC1=CC=C(C=C1)Cl)N,1,0,1,1,1,1,1,0,0,0,0,0,0,0,0,0,0,,,0
CS(=O)(=O)CCNCC1=CC=C(O1)C2=CC3=C(C=C2)N=CN=C3NC4=CC(=C(C=C4)OCC5=CC(=CC=C5)F)Cl,1,,0,1,1,1,1,1,0,1,0,,0,1,0,,,0,,
CCC(CC)OC1C=C(CC(C1NC(=O)C)N)C(=O)OCC,0,,,,,,,,,,,,,,,,,,,
CCCCCCCCCCCC(CC1C(C(=O)O1)CCCCCC)OC(=O)C(CC(C)C)NC=O,1,0,1,,1,1,1,0,0,0,0,0,0,0,1,0,,,,
CC1(C(=O)N2C(C(=O)N3CCCC3C2(O1)O)CC4=CC=CC=C4)NC(=O)C5CC6C(CC7=CNC8=CC=CC6=C78)N(C5)C,0,0,0,1,1,1,,,0,0,0,,0,1,0,,0,,,
CN1CCC2=C3C1CC4=C(C3=CC=C2)C(=C(C=C4)O)O,0,0,,0,,0,1,1,0,0,0,0,,,0,,,,,
C1CCC(CC1)C(CCN2CCCC2)(C3=CC=CC=C3)O,0,,,,,,,,,,,,,,,,,,,
CC(C1=CC=CC=C1)(C2=CC=C(C=C2)Cl)OCCC3CCCN3C,0,,,,,,,,,,,,,,,,,,,0
CC(CN1C=NC2=C(N=CN=C21)N)OCP(=O)(O)O,1,,,,,,,,,,,,,,,,,,,
CC(=O)OC1(CCC2C1(CCC3C2CCC4=CC(=O)CCC34)C)C#C,0,,,,,,,,0,,,,,,,,,,,0
CC(C(=NO)C)NCC(C)(C)CNC(C)C(=NO)C,0,0,0,0,0,,0,0,,0,0,,0,0,,,0,,,
CCCCC1=NC(=C(N1CC2=CC=C(C=C2)C3=CC=CC=C3C4=NN=N[N-]4)CO)Cl.[K+],0,,,,,,,,,,,,,,,,,,,
C1CC(N(C1)C(=O)C2CSSCC(C(=O)NC(C(=O)NC(C(=O)NC(C(=O)NC(C(=O)N2)CC(=O)N)CCC(=O)N)CC3=CC=CC=C3)CC4=CC=C(C=C4)O)N)C(=O)NC(CCCN=C(N)N)C(=O)NCC(=O)N,0,,,,,,,,0,,,0,,,0,,,0,,
C(=O)(O)[O-].[Na+],0,,,,,,,,,,,,,,,,,,,
C1=CC(=CC=C1CCN)O,0,0,0,0,,,1,0,0,0,0,0,0,0,0,0,0,0,,0
C1CNCCNCCCN(CCNC1)CC2=CC=C(C=C2)CN3CCCNCCNCCCNCC3,0,,,,,,,,,,,,,,,,,,,
C1C(N(C2=C(N1)N=C(NC2=O)N)C=O)CNC3=CC=C(C=C3)C(=O)NC(CCC(=O)O)C(=O)O,0,,,,,,,,,,,,,,,,,,,
CC1=CC2=C(C=C1CC(=O)C3=C(C=CS3)S(=O)(=O)NC4=C(C(=NO4)C)Cl)OCO2,1,0,1,1,1,1,1,,,0,0,,0,0,,,1,,,
CN1C(CNC2=C1C(=O)NC(=N2)N)CNC3=CC=C(C=C3)C(=O)NC(CCC(=O)[O-])C(=O)[O-].[Ca+2],0,,,,,,,,,,,,,,,,,,,
COC(=O)C(C1CCCCN1)C2=CC=CC=C2,1,,,,,,,,,,,,,,,,,,,
CC1=C(C(=NO1)C2=C(C=CC=C2Cl)F)C(=O)NC3C4N(C3=O)C(C(S4)(C)C)C(=O)O,1,,,,,,,,,,,,,,,,,,,
C(C(F)(F)F)(Cl)Br,1,0,0,0,0,0,0,0,0,0,0,0,0,0,0,0,0,0,,0
CC(=O)C1=CC=C(C=C1)S(=O)(=O)NC(=O)NC2CCCCC2,1,0,0,0,1,0,0,0,0,0,,0,0,0,0,0,0,0,,0
CN1C2=C(C=C(C=C2)C(=O)N(CCC(=O)O)C3=CC=CC=N3)N=C1CNC4=CC=C(C=C4)C(=N)N,1,,,,,,1,,,,,,,,,,,,,
CC(C1C2CC(=C(N2C1=O)C(=O)O)SCCN=CN)O,1,0,0,0,0,0,0,0,0,0,0,0,0,0,0,0,0,0,,
CC1=CC=C(C=C1)S(=O)(=O)NC(=O)NN2CC3CCCC3C2,1,0,0,0,0,0,0,0,0,0,0,0,0,0,0,0,0,0,0,0
C1C(C(OC1N2C=C(C(=O)NC2=O)F)CO)O,1,0,0,0,0,0,0,1,0,,0,,0,,0,0,0,,,0
CCC1=C(NC2=C1C(=O)C(CC2)CN3CCOCC3)C,1,,,,,,,,,,,,,,,,,,,
CC1=C(C(=CC=C1)C)OCC(=O)NC(CC2=CC=CC=C2)C(CC(CC3=CC=CC=C3)NC(=O)C(C(C)C)N4CCCNC4=O)O,1,0,0,1,1,1,1,1,0,0,0,,0,1,,0,,,,
CC1C(C(CC(O1)OC2CC(OC(C2O)C)OC3=CC4=CC5=C(C(=O)C(C(C5)C(C(=O)C(C(C)O)O)OC)OC6CC(C(C(O6)C)O)OC7CC(C(C(O7)C)O)OC8CC(C(C(O8)C)O)(C)O)C(=C4C(=C3C)O)O)O)O,1,,,,,,,,,,,,,,,,,,,
CC1=CC(=CC(=C1NC2=NC(=NC=C2)NC3=CC=C(C=C3)C#N)C)C=CC#N,1,,,,,,,,,,,,,,,,,,,
CC1CC2=C(CCC(=O)C2)C3C1C4CCC(C4(CC3)C)(C#C)O,1,0,1,1,1,,1,,0,,1,0,0,1,1,,0,,,
CS(=O)(=O)C1=CC(=C(C=C1)C(=O)NC2=CC(=C(C=C2)Cl)C3=CC=CC=N3)Cl,1,,,,,,,,,,,,,,,,,,,
C1C(C(C(C(C1N)OC2C(C(C(C(O2)CO)O)N)O)O)OC3C(CC(C(O3)CN)O)N)N,1,,,,,,,,0,,,0,,,0,,,0,,
CN1CCC23C4C1CC5=C2C(=C(C=C5)OC)OC3C(=O)CC4,0,,,,,,,,,,,,,,,,,,,0
C1CC(OC1CO)N2C=CC(=NC2=O)N,0,0,0,1,,0,0,0,0,0,0,0,0,0,0,0,0,0,,0
CC1=CC=C(C=C1)C(=CCN2CCCC2)C3=CC=CC(=N3)C=CC(=O)O,0,,,,,,,,0,,,0,,,0,,,0,,
CCC1(C(=O)NC(=O)NC1=O)CCC(C)C,0,0,0,0,0,0,,0,0,0,0,0,0,0,0,0,0,0,,
CC1CCC2C(C(OC3C24C1CCC(O3)(OO4)C)OC)C,0,,,,,,1,,0,,,0,,,0,,,1,,
CC1=CC=C(C=C1)C(=O)OC2=C(C=C(C=C2)C(CNC(C)(C)C)O)OC(=O)C3=CC=C(C=C3)C,0,0,0,0,,1,,,,0,0,,0,0,,0,0,,,
CC(C)CC1(C(=O)NC(=O)NC1=O)CC=C,0,,,,,,0,,,,,,,,,,,,,
CCCCC1(C(=O)NC(=O)NC1=O)CC,0,,,,,,,,,,,,,,,,,,,
C(C(Cl)(Cl)Cl)(O)O,0,0,0,0,0,0,0,0,0,,0,0,0,0,0,0,0,0,,0
C(CCl)NC(=O)N(CCCl)N=O,0,0,,0,0,,0,1,0,,0,0,0,0,0,0,0,0,0,0
CC1(C2CC3C(C(=O)C(=C(C3(C(=O)C2=C(C4=C(C=CC(=C41)Cl)O)O)O)O)C(=O)N)N(C)C)O,0,,,,,,,,,,,,,,,,,,,
CC1(CC1C(=O)NC(=CCCCCSCC(C(=O)O)N)C(=O)O)C,0,,,,,,,,,,,,,,,,,,,
COC1CN(CCC1NC(=O)C2=CC(=C(C=C2OC)N)Cl)CCCOC3=CC=C(C=C3)F,0,,,,,,,,,,,,,,,,,,,
CCCCC(CC)COC(=O)CC(C(=O)OCC(CC)CCCC)S(=O)(=O)O,0,,,,,,,,,,,,,,,,,,,
CC(C)C1=NC(=CS1)CN(C)C(=O)NC(CCN2CCOCC2)C(=O)NC(CCC(CC3=CC=CC=C3)NC(=O)OCC4=CN=CS4)CC5=CC=CC=C5,0,,,,,,,,,,,,,,,,,,,
CC1(C(=O)N2C(C(=O)N3CCCC3C2(O1)O)CC4=CC=CC=C4)NC(=O)C5CN(C6CC7=CNC8=CC=CC(=C78)C6=C5)C,0,,,,,,,,,,,,,,,,,,,
CCC(=C)C(=O)C1=C(C(=C(C=C1)OCC(=O)O)Cl)Cl,0,,0,,1,0,0,1,0,,,,,1,1,,1,,1,0
CCC(=O)N(C1CCN(CC1)CCC2=CC=CC=C2)C3=CC=CC=C3,0,,,,,,,,0,,,0,,,,,,0,,
CC(C1CCC(C(O1)OC2C(CC(C(C2O)OC3C(C(C(CO3)(C)O)NC)O)N)N)N)NC,0,,,,,,,,,,,,,,,,,,,
CC(CC1=CC=C(C=C1)OC)NCC(C2=CC(=C(C=C2)O)NC=O)O,0,,,,,,,,,,,,,,,,,,,
CN1C2CCC1CC(C2)OC(=O)C(C3=CC=CC=C3)O,0,,,,,,,,0,,,0,,,0,,,0,,
CN1C2CCC1CC(C2)OC(=O)C(CO)C3=CC=CC=C3,0,,,,,,,,,,,,,,,,,,0,
CC(C)[N+]1(C2CCC1CC(C2)OC(=O)C(CO)C3=CC=CC=C3)C,0,,,,,,0,,,,,,,,,,,,,
C1=CC(=C(C=C1CC(C(=O)O)N)O)O,0,,,,,,,,0,,,0,,,0,,,0,,0
C1CSC2=NC(CN21)C3=CC=CC=C3,0,,,,,,0,,,,,,,,,,,,,
CCCCCCCCCCCCCCCC(=O)NC(CCC(=O)NCCCCC(C(=O)NC(CCC(=O)O)C(=O)NC(CC1=CC=CC=C1)C(=O)NC(C(C)CC)C(=O)NC(C)C(=O)NC(CC2=CNC3=CC=CC=C32)C(=O)NC(CC(C)C)C(=O)NC(C(C)C)C(=O)NC(CCCNC(=N)N)C(=O)NCC(=O)NC(CCCNC(=N)N)C(=O)NCC(=O)O)NC(=O)C(C)NC(=O)C(C)NC(=O)C(CCC(=O)N)NC(=O)CNC(=O)C(CCC(=O)O)NC(=O)C(CC(C)C)NC(=O)C(CC4=CC=C(C=C4)O)NC(=O)C(CO)NC(=O)C(CO)NC(=O)C(C(C)C)NC(=O)C(CC(=O)O)NC(=O)C(CO)NC(=O)C(C(C)O)NC(=O)C(CC5=CC=CC=C5)NC(=O)C(C(C)O)NC(=O)CNC(=O)C(CCC(=O)O)NC(=O)C(C)NC(=O)C(CC6=CN=CN6)N)C(=O)O,0,,,,,,,,,,,,,,,,,,,
C=C1CCC2(C3CC4=C5C2(C1OC5=C(C=C4)O)CCN3CC6CC6)O,0,0,0,0,0,0,0,0,0,0,0,0,0,0,0,0,0,0,,0
CC(C)N=C(N)N=C(N)NC1=CC=C(C=C1)Cl,0,,,,,,,,,,,,,,,,,,,0
C1=CC=C(C=C1)CCCCOCCCCCCNCC(C2=CC(=C(C=C2)O)CO)O,0,,,,,,,,0,,,,,,0,,,,,
CC1(C(N2C(S1(=O)=O)CC2=O)C(=O)O)CN3C=CN=N3,0,,,,,,,,,,,,,,,,,,,
CC1(C(N2C(S1)C(C2=O)NC(=O)C(C3=CSC=C3)C(=O)O)C(=O)O)C,0,,,,,,,,,,,,,,,,,,,
CCCC(C)C1(C(=O)NC(=S)NC1=O)CC,0,,,,,,,,,,,,,,,,,,,0
C[N+]1(C2CC(CC1C3C2O3)OC(=O)C(C4=CC=CS4)(C5=CC=CS5)O)C,0,,,,,,,,,,,,,,,,,,,
CC1=C(C2=C(N1C(=O)C3=CC=C(C=C3)Cl)C=CC(=C2)OC)CC(=O)OCC(=O)O,1,0,0,0,,0,,0,0,0,0,,0,0,,,1,0,1,0
CC(=O)NC1C(C=C(OC1C(C(CO)O)O)C(=O)O)N=C(N)N,0,0,0,0,0,0,0,0,0,0,0,0,0,0,0,0,0,0,,
CC(=O)NC1=C(C=CC(=C1)[As](=O)(O)O)O,1,0,0,0,0,0,0,0,0,0,0,0,0,0,0,0,0,0,,0
CC(C(=O)NC(C)C(=O)NC1C2C1CN(C2)C3=C(C=C4C(=O)C(=CN(C4=N3)C5=C(C=C(C=C5)F)F)C(=O)O)F)N,1,,,,,,,,,,,,,,,,,,,
CC12CCC(=O)CC1CCC3C2CCC4(C3CCC4O)C,1,0,,1,1,1,,1,0,0,1,0,0,1,1,,0,1,,0
CC(CN1C2=CC=CC=C2SC3=CC=CC=C31)CN(C)C,1,,,,,,,,,,,,,,,,,,,
CC1CCC2C(C(=O)OC3C24C1CCC(O3)(OO4)C)C,1,0,1,1,0,0,0,,0,,0,,0,1,,0,0,,,
C1=CC=C(C=C1)CN2C3=CC=CC=C3C(=N2)OCC(=O)O,1,,,,,,,,,,,,,,,,,,,
CC1CCC2C(C(OC3C24C1CCC(O3)(OO4)C)OC(=O)CCC(=O)O)C,1,,,,,,,,,,,,,,,,,,,
CC(C)C1=C(C(=C(C(=N1)C(C)C)COC)C2=CC=C(C=C2)F)C=CC(CC(CC(=O)O)O)O,1,,,,,,,,,,,,,,,,,,,
CCOC(=O)N1C=CN(C1=S)C,1,0,1,0,,0,0,0,0,0,0,0,0,0,0,0,0,0,1,0
CCOC(=O)C(CCC1=CC=CC=C1)NC2CCCN3CCCC(N3C2=O)C(=O)O,1,,,,,,,,0,,,0,,,0,,,0,,
CCOC1=CC(=C(C=C1C(=O)NC2CCN(CC2)CC3CCC=CC3)[N+](=O)[O-])N,1,,,,,,,,,,,,,,,,,,,
CC1=C(SC=N1)CCCl,1,0,0,0,0,0,,0,0,0,0,0,0,0,0,,0,0,,0
CCC1=CC2=C(S1)N(C(=O)CN=C2C3=CC=CC=C3Cl)C,1,,,,,,,,,,,,,,,,,,,
CN1C2CCC1C(C(C2)OC(=O)C3=CC=CC=C3)C(=O)OC,1,,,,,,,,,,,,,,,,,,,
CC(=O)C1(CCC2C1(CCC3C2C=C(C4=CC(=O)C5CC5C34C)Cl)C)O,1,,,,,,,,0,,,0,,,1,,,0,,
CC12CCC3C(C1CCC2=O)CC=C4C3(CCC(C4)O)C,1,0,,1,1,0,1,,0,0,1,0,0,1,,,0,0,,
C(C(F)(F)F)(OC(F)F)F,1,,,,,,,,,,,,,,,,,,,
CC(C1=CC(=CC=C1)C(=O)C2=CC=CC=C2)C(=O)O,1,,,,,,,,,,,,,,,,,,,0
C1=CC=C2C(=C1)C(=C(C(=O)O2)CC3=C(C4=CC=CC=C4OC3=O)O)O,1,0,1,0,1,0,1,1,0,0,0,,0,,,,1,1,0,0
CC(C)(C)C1=CC=C(C=C1)C(=O)CCCN2CCC(CC2)OC(C3=CC=CC=C3)C4=CC=CC=C4,1,1,0,,1,0,1,,0,1,0,0,,1,,,0,,,
C(C(OC(F)F)(F)F)(F)Cl,1,0,1,0,0,0,,0,0,0,0,0,0,0,0,0,0,,,
CC12CCC3C(C1CCC2(C#C)O)CCC4=C3C=CC(=C4)O,1,1,0,1,,1,1,0,0,0,1,,0,1,,,,1,,0
CC12CCC3C(C1CC(C2O)O)CCC4=C3C=CC(=C4)O,1,0,1,0,0,0,,0,0,0,1,0,0,0,1,0,0,0,,0
CCOC(=O)C=C(C)C=CC=C(C)C=CC1=C(C(=C(C=C1C)OC)C)C,1,0,1,1,1,,1,,0,0,0,,1,,0,,0,,,
C1CN(CCN1CCC=C2C3=CC=CC=C3SC4=C2C=C(C=C4)C(F)(F)F)CCO,1,1,1,1,0,1,1,,,1,0,,,1,,,,,,
CC1C2CCC3(C(C2(CCC1O)C)C(CC4C3(CC(C4=C(CCC=C(C)C)C(=O)O)OC(=O)C)C)O)C,1,,,,,,,,,,,,,,,,,,,
C(C1C(C(C(C(O1)O)N)O)O)O,1,,,,,,,,,,,,,,,,,,,
CC(C)NC1=NC=CC=N1.OP(=O)(O)O,1,,,,,,,,,,,,,,,,,,,
CC1CC=CC=CC(C(CC(C(C(C(CC(=O)O1)OC(=O)C)OC)OC2C(C(C(C(O2)C)OC3CC(C(C(O3)C)OC(=O)CC(C)C)(C)O)N(C)C)O)CC=O)C)O,1,,,,,,,,,,,,,,,,,,,
CC(CN1C2=CC=CC=C2SC3=C1C=C(C=C3)OC)CN(C)C,1,,,,,,,,,,,,,,,,,,,
CC1CCN(CC1)CCCC(=O)C2=CC=C(C=C2)F,1,0,0,1,0,0,0,0,0,0,0,0,0,0,0,0,0,0,,
CC1=C(C(=O)N(N1C)C2=CC=CC=C2)N(C)CS(=O)(=O)O,1,,,,,,,,,,,,,,,,,,,
COC(C(Cl)Cl)(F)F,1,,,,,,,,0,,,0,,,0,,,0,,
C1=CC(=CC(=C1)NC2=C(C=CC=N2)C(=O)O)C(F)(F)F,1,0,,0,,0,1,,0,0,0,,,,0,,1,1,,0
CC(=O)N1C2=CC=CC=C2C(C1=O)(C3=CC=C(C=C3)OC(=O)C)C4=CC=C(C=C4)OC(=O)C,1,,,,,,,,,,,,,,,,,,,
CC1(C(N2C(S1)C(C2=O)N=CN3CCCCCC3)C(=O)OCOC(=O)C(C)(C)C)C,1,,,,,,,,,,,,,,,,,,,0
CS(=O)(=O)C1=CC=C(C=C1)C2=C(C(=O)OC2)C3=CC=CC=C3,1,,,,,,,,0,,,0,,,0,,,0,,0
CC(C(C1=CC=C(C=C1)O)O)NCCC2=CC=C(C=C2)O,1,,,,,,,,,,,,,,,,,,,
CCC1C(C(C(C(=NOCOCCOC)C(CC(C(C(C(C(C(=O)O1)C)OC2CC(C(C(O2)C)O)(C)OC)C)OC3C(C(CC(O3)C)N(C)C)O)(C)O)C)C)O)(C)O,1,0,0,0,0,1,,0,0,,0,0,0,,,,0,0,,
CC12CCC3C(C1CCC2(C)O)CCC4C3(CC5=C(C4)NN=C5)C,1,0,0,1,1,1,1,,,,,,,1,,,0,,,
C1CCC2=NC3=CC=CC=C3C(=C2C1)N,1,0,1,0,0,0,0,,0,,0,0,0,1,0,,0,1,,0
CCCCCCCCNC(C)C(C1=CC=C(C=C1)SC(C)C)O,1,1,,1,1,0,1,,,1,,0,,1,,,,,,0
CN1C(=C(C2=C(S1(=O)=O)C=CS2)O)C(=O)NC3=CC=CC=N3,1,0,0,0,1,0,0,0,0,0,0,0,1,0,0,0,0,0,,0
C1=CC(=C(C=C1OC2=C(C=C(C=C2I)CC(=O)O)I)I)O,1,0,,0,1,0,,1,0,0,0,,0,1,1,,1,,1,
CCOC1=CC=C(C=C1)NC(=O)C,1,0,1,,,0,0,,0,0,0,0,0,0,0,0,0,0,0,0
CC(C)CC(C(=O)NC(CCCN=C(N)N)C(=O)N1CCCC1C(=O)NCC(=O)N)NC(=O)C(CC2=CNC3=CC=CC=C32)NC(=O)C(CC4=CC=C(C=C4)O)NC(=O)C(CO)NC(=O)C(CC5=CNC6=CC=CC=C65)NC(=O)C(CC7=CN=CN7)NC(=O)C8CCC(=O)N8,1,,,,,,,,,,,,,,,,,,,
C1=C(C(=C(C(=C1Cl)Cl)CC2=C(C(=CC(=C2Cl)Cl)Cl)O)O)Cl,1,0,,1,1,1,1,,,1,0,0,,1,,1,,,,1
C1=C(C=C(C(=C1SC2=C(C(=CC(=C2)Cl)Cl)O)O)Cl)Cl,1,0,,1,1,1,1,,,1,,,0,1,,1,,,,1
CN(C)CCN(CC1=CC=CS1)C2=CC=CC=N2,1,,,,,,,,,,,,,,,,,,,0
CN(C)CCN(CC1=CC=CC=C1)C2=CC=CC=N2,1,,,,,,,,,,,,,,,,,,,
CC1(C(N2C(S1)C(C2=O)NC(=O)C3=C(C=CC=C3OC)OC)C(=O)O)C,1,,,,,,,,,,,,,,,,,,,
C1=CC2=C(C(=C1)O)N=CC=C2,1,1,1,,0,0,,1,0,1,0,1,,1,0,,,,,0
COC1=C(C=CC(=C1)NS(=O)(=O)C)NC2=C3C=CC=CC3=NC4=CC=CC=C42,1,,,,,,,,,,,,,,,,,,,
CCN(CC)CCNC1=C2C(=C(C=C1)CO)SC3=CC=CC=C3C2=O,1,1,1,0,0,0,1,,0,0,0,,0,1,,1,,1,0,0
C1COC(=O)N1N=CC2=CC=C(O2)[N+](=O)[O-],1,0,0,0,0,0,1,1,0,0,0,0,0,,0,0,,,,0
C1C(C(OC1N2C=C(C(=O)NC2=O)I)CO)O,1,0,0,0,0,0,0,0,0,0,0,0,0,0,,0,0,0,,
CC1=C(C=CC2=C1OC(=O)C(=C2O)NC(=O)C3=CC(=C(C=C3)O)CC=C(C)C)OC4C(C(C(C(O4)(C)C)OC)OC(=O)N)O,1,,,,,,,,,,,,,,,,,,,
CN1C2=CC=CC=C2C(C3=C(S1(=O)=O)C=C(C=C3)Cl)NCCCCCCC(=O)O,1,,,,,,,,,,,,,,,,,,,
CN(C)C1C2C(C3C(=C)C4=C(C(=CC=C4)O)C(=C3C(=O)C2(C(=C(C1=O)C(=O)N)O)O)O)O,1,,,,,,,,,,,,,,,,,,,
CC(C)COCC(CN(CC1=CC=CC=C1)C2=CC=CC=C2)N3CCCC3,1,,0,1,,,1,,,0,0,0,,1,0,0,0,,,
CNCCC1=CC=CC=N1,1,,,,,,,,,,,,,,,,,,,
CCN(CC)C(=O)N1CCN(CC1)C,1,,,,,,,,,,,,,,,,,,,
CC(C)(C(=O)O)OC1=CC=C(C=C1)C2CC2(Cl)Cl,1,0,0,0,1,0,0,0,0,0,0,1,0,0,0,0,0,0,,0
CCCCC1C(=O)N(N(C1=O)C2=CC=CC=C2)C3=CC=CC=C3,1,0,,1,1,1,1,0,0,0,,0,0,,0,0,0,0,,
CC(CC1=CC=C(C=C1)O)NCC(C2=CC(=CC(=C2)O)O)O,1,,,,,,,,,,,,,,,,,,,
CC(=O)OC1CCC2C3CCC4(C(C3CCC2=C1)CCC4(C#C)OC(=O)C)C,1,0,0,1,1,0,1,1,,,1,0,0,1,1,0,0,,,
CC(C)CC(=O)OC1C(C(C(OC1OC2CC(C3CCC45CC(CCC4C3(C2)C)C(=C)C5O)C(=O)O)CO)OS(=O)(=O)[O-])OS(=O)(=O)[O-].[K+].[K+],1,,,,,,,,,,,,,,,,,,,
CC1CN(CCN1)C2=C(C=C3C(=C2)N(C=C(C3=O)C(=O)O)C4=C(C=C(C=C4)F)F)F,1,0,0,0,0,0,0,0,0,0,0,0,0,0,0,0,0,0,,
CN1C(=NN=N1)SCC2=C(N3C(C(C3=O)NC(=O)C(C4=CC=CC=C4)O)SC2)C(=O)O,1,,,,,,,,,,,,,,,,,,,
CCN(CC)CC1=C(C=CC(=C1)NC2=C3C=CC(=CC3=NC=C2)Cl)O,1,,,,,,,,,,,,,,,,,,,
CCC1(CCC(=O)NC1=O)C2=CC=CC=C2,1,0,0,1,0,0,0,0,0,0,0,0,0,,,0,0,0,,0
CC(=O)NC1=CC2=C(C=C1)C3=CC=CC=C3C2,1,0,1,1,1,1,,1,0,,0,0,1,0,1,0,0,0,,
C1=CC(=CC=C1N)S(=O)(=O)N,1,0,0,1,,0,0,,0,0,0,0,0,,0,0,0,0,,0
CN(CCCCCCCCCCN(C)C(=O)OC1=CC=CC(=C1)[N+](C)(C)C)C(=O)OC2=CC=CC(=C2)[N+](C)(C)C.[Br-].[Br-],1,,,,,,,,,,,,,,,,,,,
C1=C(C(=O)NC(=O)N1)N(CCCl)CCCl,1,,,,,,,,0,,,0,,,0,,,0,,
CC(=O)OCC1=C(N2C(C(C2=O)NC(=O)CC3=CC=CS3)SC1)C(=O)O,1,0,0,0,,0,,,0,0,0,0,0,0,0,0,0,0,,
CCC1(C(=O)NC(=O)N(C1=O)C)C2=CC=CC=C2,1,,,,,,,,0,,,0,,,0,,,0,,0
CC(=O)CC(C1=CC=C(C=C1)[N+](=O)[O-])C2=C(C3=CC=CC=C3OC2=O)O,1,0,0,1,1,0,,0,0,0,0,1,0,0,0,0,0,0,0,0
COC1=C2C3=C(C(=O)CC3)C(=O)OC2=C4C5C=COC5OC4=C1,1,,,,,,,,,,,,,,,,,,,
CN(C)CCN1C(=NN=N1)SCC2=C(N3C(C(C3=O)NC(=O)CC4=CSC(=N4)N)SC2)C(=O)O,1,,,,,,,,,,,,,,,,,,,
CC1CC(C(C(O1)OC2C(CC3(CO3)C(=O)C(C(C(C(OC(=O)C(C(C2C)OC4CC(C(C(O4)C)OC(=O)C)OC)C)C)C)OC(=O)C)C)C)OC(=O)C)N(C)C,1,,,,,,,,,,,,,,,,,,,
C1CCC(CC1)C(CC2CCCCN2)C3CCCCC3.C(=CC(=O)O)C(=O)O,1,1,0,1,0,0,1,,,,0,,,1,,,,,1,0
CC1(CCCCC1)COC2=CC=C(C=C2)CC3C(=O)NC(=O)S3,1,0,0,1,,0,1,,,0,0,1,1,0,,,0,,,0
CC1(CC2=CC(=C(C(=C2C1=O)Cl)Cl)OCC(=O)O)C3=CC=CC=C3,1,,,,,,,,,,,,,,,,,,,
CCC12CCC3C(C1CCC2(C#C)O)CCC4=CC(=O)CCC34,0,0,0,1,1,1,1,,0,0,,0,0,0,,0,0,,0,0
C1CN(CCC12C(=O)NCN2C3=CC=CC=C3)CCCC(C4=CC=C(C=C4)F)C5=CC=C(C=C5)F,1,,0,,1,0,,,1,1,0,0,,1,,1,,,,0
C(Cl)(Cl)(Cl)Cl,1,0,,0,0,0,,0,0,0,0,0,,0,0,,0,0,,0
C(C1C(C(C(C(O1)[S-])O)O)O)O.[Au+],1,,,,,,,,0,,,,,,1,,,,,
C1=CC=C2C(=C1)NC3=CC=CC=C3S2,1,0,1,1,,1,1,0,1,,0,0,0,,0,,,0,,0
C=CCO,1,0,0,0,0,0,,0,0,0,0,0,0,0,0,0,0,0,,0
CN1CCC(=C2C3=CC=CC=C3CCC4=C2N=CC=C4)CC1,1,0,0,0,0,0,,0,0,0,0,,0,0,0,0,0,,,
C1=CC=C(C=C1)Br,1,0,,,0,0,,0,0,,0,0,0,0,0,0,0,0,,0
CC(CCC(=O)NCCS(=O)(=O)O)C1CCC2C1(CCC3C2C(CC4C3(CCC(C4)O)C)O)C,1,,,,,,,,,,,,,,,,,,,
C=CCOC=O,1,,,,,,,,,,,,,,,,,,,
CC1(C(C1C(=O)OCC2=CC(=CC=C2)OC3=CC=CC=C3)C=C(Cl)Cl)C,0,0,,1,1,0,,0,0,0,0,0,0,0,,0,0,0,,0
CCCCC(CC)COC(=O)C=CC1=CC=C(C=C1)OC,1,0,1,1,1,0,,,0,0,0,0,0,0,0,0,0,,,
CN1CCC(=C2C3=C(C(=O)CC4=CC=CC=C42)SC=C3)CC1,0,0,0,1,0,0,1,0,0,0,0,0,0,0,0,0,0,,,0
CC[N+](C)(CC)CCOC(=O)C(C1CCCCC1)(C2=CC=CC=C2)O,0,,,,,,,,,,,,,,,,,,,
CC1=NC=C(C(=C1O)C=O)COP(=O)(O)O,0,,,,,,,,,,,,,,,,,,,
CCC1(CCC(=O)NC1=O)C2=CC=C(C=C2)N,0,0,0,0,,1,1,0,0,0,0,0,0,0,0,,0,0,,0
CCCCNC1=CC=C(C=C1)C(=O)OCCN(C)C,0,,,,,,,,,,,,,,,,,,,0
C1=CC(=C(C=C1Cl)Cl)COC(CN2C=CN=C2)C3=C(C=C(C=C3)Cl)Cl,0,,,,,,1,,0,,,0,,,0,,,,,0
COC1=CC=C(C=C1)CCN2CCC(CC2)NC3=NC4=CC=CC=C4N3CC5=CC=C(C=C5)F,0,1,,1,1,1,,,,1,,,,1,,,,,1,0
CC(C(C)(C)C)N=C(NC#N)NC1=CC=NC=C1,0,,,,,,,,,,,,,,,,,,1,0
C1(C(C(C(C(C1Cl)Cl)Cl)Cl)Cl)Cl,0,0,,0,,1,1,,0,,0,0,0,,0,0,0,1,,0
CC(C)(C)C1=CC=C(C=C1)C(CCCN2CCC(CC2)C(C3=CC=CC=C3)(C4=CC=CC=C4)O)O,0,1,0,0,0,0,0,,0,1,,0,,,0,,,,1,0
CC1=CC(=O)N(C(=C1)C2CCCCC2)O,0,,,,,,,,,,,,,,,,,,,
CC(C(C1=C(C=CC(=C1)OC)OC)O)N,0,,,,,,0,,,,,,,,,,,,,
CC1CC2C3CCC4=CC(=O)C=CC4(C3(C(CC2(C1(C(=O)CO)O)C)O)Cl)C,0,0,0,,1,0,1,0,0,0,0,0,,1,,0,0,0,,0
C1=NC(=C2C(=N1)N(C=N2)C3C(C(C(O3)CO)O)O)N,0,,,,,,,,,,,,,,,,,,,
CC(C)(C(=O)O)OC1=CC=C(C=C1)CCNC(=O)C2=CC=C(C=C2)Cl,0,0,0,,1,0,,0,0,0,0,1,0,0,0,,0,0,1,0
CC(C)(C)NCC(C1=CC(=CC(=C1)OC(=O)N(C)C)OC(=O)N(C)C)O,0,,,,,,,,,,,,,,,,,,,
CC(=O)NCCC1=CNC2=C1C=C(C=C2)OC,0,0,1,1,1,,,0,0,,0,0,0,0,0,0,0,0,,0
CC[N+](CC)(CC)CCOC1=C(C(=CC=C1)OCC[N+](CC)(CC)CC)OCC[N+](CC)(CC)CC.[I-].[I-].[I-],0,0,0,0,0,0,0,0,0,0,0,0,0,0,,0,0,0,,0
COC(=O)NC1=NC2=C(N1)C=C(C=C2)C(=O)C3=CC=CS3,0,,1,,0,0,0,1,0,0,0,,0,0,,,1,,1,0
CC1=C(N(C(=C1)CC(=O)O)C)C(=O)C2=CC=C(C=C2)Cl,0,,,,,,,,,,,,,,,,,,,0
C1(=O)C(=O)NC(=O)NC1=O,0,,,,,,,,,,,,,,,,,,,0
CN(CC#C)CC1=CC=CC=C1,0,,,,,,,,,,,,,,,,,,,0
CC(C)(C)C1=CC(=CC(=C1O)C(C)(C)C)SC(C)(C)SC2=CC(=C(C(=C2)C(C)(C)C)O)C(C)(C)C,0,0,0,0,,0,0,0,0,0,0,0,0,0,0,0,0,0,0,0
C(C1C(C(C(C(O1)OC2C(OC(C(C2O)O)O)CO)O)O)O)O,0,0,0,0,0,0,,0,0,0,0,0,0,0,0,0,0,0,,
CCOC(=O)C1(CCN(CC1)CCC2=CC=C(C=C2)N)C3=CC=CC=C3,0,0,0,,,1,1,0,,0,0,,0,0,,0,0,,,
C[N+](C)(C)CCOP(=O)([O-])OP(=O)(O)OCC1C(C(C(O1)N2C=CC(=NC2=O)N)O)O,0,,,,,,,,,,,,,,,,,,,
CC1CC2C3CCC4=CC(=O)C=CC4(C3(C(CC2(C1(C(=O)CCl)O)C)O)Cl)C,0,,,,,,,,,,,,,,,,,,,
CC(CO)NC(=O)C1CN(C2CC3=CNC4=CC=CC(=C34)C2=C1)C,0,,,,,,,,0,,,0,,,0,,,0,,
CC(C)C=CCCCCC(=O)NCC1=CC(=C(C=C1)O)OC,0,0,1,1,1,1,,1,0,0,0,0,,1,0,0,,1,,0
C1=CC(=CC=C1COC(CN2C=CN=C2)C3=C(C=C(C=C3)Cl)Cl)Cl,0,,,,,,,,,,,,,,,,,,,
C1=CC(=CC=C1CSC(CN2C=CN=C2)C3=C(C=C(C=C3)Cl)Cl)Cl.[N+](=O)(O)[O-],0,0,1,1,1,1,1,,0,,,0,0,1,0,,,,0,0
C1=CC=C(C=C1)C(=O)NS(=O)(=O)C2=CC=C(C=C2)N,0,0,0,0,,0,,0,0,0,0,0,0,0,0,0,0,0,0,0
CC(=O)OCC1=C(N2C(C(C2=O)NC(=O)CSC3=CC=NC=C3)SC1)C(=O)O,0,,,,,,,,,,,,,,,,,,,
CC1(C(N2C(S1)C(C2=O)NC(=O)C(C3=CC=CC=C3)NC(=O)N4CCNC4=O)C(=O)O)C,0,,,,,,,,,,,,,,,,,,,
C1=CC(=C(C(=C1)Cl)SC(CCC2=CC=C(C=C2)Cl)CN3C=CN=C3)Cl,0,,,,,,,,,,,,,,,,,,,
CC(C)C1C2=C(CCC1(CCN(C)CCCC3=NC4=CC=CC=C4N3)OC(=O)COC)C=C(C=C2)F,0,,,,,,,,,,,,,,,,,,,0
CCOC(CC1=CC=C(C=C1)OCCN2C3=CC=CC=C3OC4=CC=CC=C42)C(=O)O,0,,,,,,,,,,,,,,,,,,,
C1(C(C(C(C(C1O)O)O)O)O)O,0,0,0,0,,0,0,0,0,0,0,0,0,0,0,0,0,0,,0
CN1C(=NN=N1)SCC2=C(N3C(C(C3=O)(NC(=O)C(C4=CC=C(C=C4)O)C(=O)O)OC)OC2)C(=O)O,0,,,,,,,,,,,,,,,,,,,
CC1=CC(=NO1)NC(=O)C2=C(C3=CC=CC=C3S(=O)(=O)N2C)O,0,0,0,0,,0,0,0,0,0,0,0,0,0,0,0,0,0,,0
C1=CC=C2C(=C1)C(=O)O[Bi]O2.O,0,,,,,,,,0,,,0,,,0,,,0,,
CC12CCC(CC1=CCC3C2CCC4(C3CC=C4C5=CN=CC=C5)C)O,1,,,,,,,,,,,,,,,,,,,
CC(=O)SCC(CC1=CC=CC=C1)C(=O)NCC(=O)OCC2=CC=CC=C2,1,,,,,,,,,,,,,,,,,,0,
CC(C)CCCC(C)C1CCC2C1(CCCC2=CC=C3CC(CC(C3=C)O)O)C,1,,,,,,,,,,,,,,,,,,,
C1CC(CCC1NCC2=C(C(=CC(=C2)Br)Br)N)O,1,,,,,,,,,,,,,,,,,,,0
C(CC(=O)O)C(=O)CN,1,,,,,,,,,,,,,,,,,,,
CCN1CCCC1CNC(=O)C2=CC(=C(C=C2OC)N)S(=O)(=O)CC,1,0,0,0,0,0,0,0,0,0,0,0,0,0,0,0,0,0,,0
CCOC(=O)OC(C)OC1=C(N(S(=O)(=O)C2=CC=CC=C21)C)C(=O)NC3=CC=CC=N3,1,0,0,,,0,0,0,0,0,0,0,0,0,,0,0,0,,
CC=CC1=CC=C(C=C1)OC,1,0,0,0,0,0,1,0,0,0,,0,0,0,0,0,0,0,,0
CNC(=O)C1=CC=CC=C1SC2=CC3=C(C=C2)C(=NN3)C=CC4=CC=CC=N4,1,,1,1,1,1,1,1,,,,0,1,0,0,,,1,,
C1CC(C(OC1CN)OC2C(CC(C(C2O)OC3C(C(C(C(O3)CO)O)N)O)NC(=O)C(CCN)O)N)N,1,,,,,,,,,,,,,,,,,,,
CCOC(=O)OC(C)OC(=O)C1C(SC2N1C(=O)C2NC(=O)C(C3=CC=CC=C3)N)(C)C,1,,,,,,,,,,,,,,,,,,,
CC1=C(C(C(=C(N1)N)C(=O)OC2CN(C2)C(C3=CC=CC=C3)C4=CC=CC=C4)C5=CC(=CC=C5)[N+](=O)[O-])C(=O)OC(C)C,1,1,,1,1,1,1,1,1,,0,,,1,,0,,,,
CC1=C(C(C(=C(N1)C)C(=O)OC2CCCN(C2)CC3=CC=CC=C3)C4=CC(=CC=C4)[N+](=O)[O-])C(=O)OC,1,,,,,,,,,,,,,,,,,,,
CC#CCC(C)C(C=CC1C(CC2C1C3=CC=CC(=C3O2)CCCC(=O)O)O)O,1,,,,,,,,,,,,,,,,,,,
CC1(C2C1C(N(C2)C(=O)C(C(C)(C)C)NC(=O)NC(C)(C)C)C(=O)NC(CC3CCC3)C(=O)C(=O)N)C,1,,,,,,,,,,,,,,,,,,,
C1C(=O)NC2=C(C=C(C=C2)Br)C(=N1)C3=CC=CC=N3,1,,,,,,,,,,,,,,,,,,,
CN(CC1=C(C(=CC(=C1)Br)Br)N)C2CCCCC2,1,,,,,,,,,,,,,,,,,,,
CC(C)C(C(=O)NC(=O)N)Br,1,0,0,0,0,0,0,1,0,0,0,0,0,0,,0,0,0,,
CC1=NN=C2N1C3=C(C=C(S3)Br)C(=NC2)C4=CC=CC=C4Cl,1,,,,,,,,0,,,0,,,1,,,,,
CC(C)(C(=O)NC(CS)C(=O)O)S,1,,,,,,,,0,,,0,,,0,,,0,,
CC(C)(C)C(C)(C1CC23CCC1(C4C25CCN(C3CC6=C5C(=C(C=C6)O)O4)CC7CC7)OC)O,1,,,,,,,,,,,,,,,,,,,
COC1=CC(=C(C(=C1)OC)C(=O)CCCN2CCCC2)OC,1,,,,,,,,,,,,,,,,,,,0
CC1=C2C(C(=O)C3(C(CC4C(C3C(C(C2(C)C)(CC1OC(=O)C(C(C5=CC=CC=C5)NC(=O)OC(C)(C)C)O)O)OC(=O)C6=CC=CC=C6)(CO4)OC(=O)C)OC)C)OC,1,,,,,,,,,,,,,,,,,,,
CCC=C(C1=CSC(=N1)N)C(=O)NC2C3N(C2=O)C(=C(CS3)COC(=O)N)C(=O)O,1,,,,,,,,,,,,,,,,,,,
CN1C(=NN=N1)SCC2=C(N3C(C(C3=O)(NC(=O)CSCC#N)OC)SC2)C(=O)O,1,,,,,,,,,,,,,,,,,,,
CON=C(C1=NSC(=N1)N)C(=O)NC2C3N(C2=O)C(=C(CS3)C[N+]4=C5C=CC=NN5C=C4)C(=O)[O-],1,,,,,,,,,,,,,,,,,,,
CON=C(C1=CSC(=N1)N)C(=O)NC2C3N(C2=O)C(=C(CS3)C[N+]4=CC=CC5=C4CCC5)C(=O)[O-],1,,,,,,,,,,,,,,,,,,,
CCN(CC)C(=O)NC1=CC(=C(C=C1)OCC(CNC(C)(C)C)O)C(=O)C,1,,,,,,,,,,,,,,,,,,,
CC(=O)C1(CCC2C1(CCC3C2C=C(C4=CC(=O)CCC34C)Cl)C)O,1,,,,,,,,0,,,0,,,1,,,1,,
C1CN=C(N1)C2CC2(C3=CC=CC=C3)C4=CC=CC=C4,1,,,,,,,,,,,,,,,,,,,
CN1C(=O)CC(=O)N(C2=C1C=CC(=C2)Cl)C3=CC=CC=C3,1,,,,,,,,0,,,0,,,0,,,0,,
CC1=C(C(C(=C(N1)C)C(=O)OCC=CC2=CC=CC=C2)C3=CC(=CC=C3)[N+](=O)[O-])C(=O)OCCOC,1,0,1,1,1,1,1,1,1,0,0,,0,1,1,0,1,,,
CC1CC2C3CCC4=CC(=O)C=CC4(C3(C(CC2(C1(C(=O)CCl)O)C)O)F)C,1,,,,,,,,0,,,,,,,,,0,,
C(P(=O)(O)O)(P(=O)(O)O)(Cl)Cl,1,,,,,,,,,,,,,,,,,,,
C1CCN(CC1)CCOC(C2=CC=CC=C2)C3=CC=C(C=C3)Cl,1,,,,,,,,,,,,,,,,,,,
CC(C1=C(C=CC(=C1Cl)F)Cl)OC2=C(N=CC(=C2)C3=CN(N=C3)C4CCNCC4)N,1,,,,,,,,,,,,,,,,,,,
COC1=C(C=CC(=C1)C=CC(=O)CC(=O)C=CC2=CC(=C(C=C2)O)OC)O,1,1,1,1,1,1,,1,1,,0,1,1,1,,,,,,1
CC(CN1C2=CC=CC=C2SC3=C1C=C(C=C3)C#N)CN(C)C,1,,,,,,,,,,,,,,,,,,,
C1C2CC(C1C=C2)C3NC4=CC(=C(C=C4S(=O)(=O)N3)S(=O)(=O)N)Cl,1,0,,,1,1,1,0,0,0,0,0,0,0,0,0,0,0,,0
CCC12CC(=C)C3C(C1CCC2(C#C)O)CCC4=CCCCC34,1,,,,,,,,0,,,0,,,,,,,,
CC(=O)OC1=CC=CC2=C1C(=O)C3=C(C2=O)C=C(C=C3OC(=O)C)C(=O)O,1,0,0,0,,0,1,1,0,0,0,0,0,1,0,,0,0,,
CN1CCC23C4C1CC5=C2C(=C(C=C5)OC)OC3C(CC4)O,1,,,,,,,,,,,,,,,,,,,
CCC1C(C2C(C(C(CC(C(C(C(C(C(=O)O1)C)OC3CC(C(C(O3)C)O)(C)OC)C)OC4C(C(CC(O4)C)N(C)C)O)(C)O)C)NC(O2)COCCOC)C)(C)O,1,,,,,,,,,,,,,,,,,,,0
C1CN(CCC1N2C3=C(C=C(C=C3)Cl)NC2=O)CCCN4C5=CC=CC=C5NC4=O,1,0,,0,0,,1,0,0,0,0,0,0,1,0,,0,,,0
CC1C(C(C(O1)N2C=C(C(=O)NC2=O)F)O)O,1,0,0,0,0,0,0,,0,0,0,0,0,0,0,0,0,0,,0
C1=CC(=C(C=C1C(C(C(=O)O)N)O)O)O,1,,,,,,,,,,,,,,,,,,,
CC(=O)C1CCC2C1(CCC3C2C=CC4=CC(=O)CCC34C)C,1,0,0,1,1,0,1,1,0,0,0,0,0,1,1,0,0,1,,
CC1=NN(C(=O)C1)C2=CC=CC=C2,1,0,,1,1,,1,0,0,0,0,0,0,1,0,,,0,,0
CC1=C(C=C(C=C1)N2C(=O)C(=C(N2)C)N=NC3=CC=CC(=C3O)C4=CC(=CC=C4)C(=O)O)C,1,0,0,0,,0,1,,,0,0,,1,0,,,,,,
CC1CC2CCC3C(=C)CC(O3)CCC45CC6C(O4)C7C(O6)C(O5)C8C(O7)CCC(O8)CC(=O)CC9C(CC(C1=C)O2)OC(C9OC)CC(CN)O.CS(=O)(=O)O,1,,,,,,,,,,,,,,,,,,,
C1C2C3=CC=CC=C3CC4=CC=CC=C4N2C(=N1)N,1,,,,,,,,,,,,,,,,,,,
CCC1=CC=C(C=C1)C(=O)C(C)CN2CCCCC2,1,,,,,,,,,,,,,,,,,,,
CCO,1,0,,0,0,0,,0,0,0,0,0,0,0,0,,0,0,,0
CCOC(=O)C1C(=O)NC2=C(C=C(C=C2)Cl)C(=N1)C3=CC=CC=C3F,1,,,,,,,,,,,,,,,,,,,
C(CO)O,1,0,0,0,0,0,,0,0,0,,0,0,0,0,,0,0,,0
CCC1=CC2=C(S1)N3C(=NN=C3CN=C2C4=CC=CC=C4Cl)C,1,0,0,0,0,0,,0,0,0,0,0,0,0,1,0,0,,,
CC1=NC=C(C=C1)C2=C(C=C(C=N2)Cl)C3=CC=C(C=C3)S(=O)(=O)C,1,0,0,0,1,,1,0,0,0,0,0,0,0,0,0,0,0,,
COC1(C2N(C1=O)C(=C(CO2)CSC3=NN=NN3CCO)C(=O)O)NC(=O)CSC(F)F,1,,,,,,,,,,,,,,,,,,,
C1=CC=C2C(=C1)C(=O)C(C2=O)C3=CC=C(C=C3)F,1,,,,,,,,0,,,0,,,0,,,0,,
CN1C(=O)CN=C(C2=C1C=CC(=C2)[N+](=O)[O-])C3=CC=CC=C3F,1,,,,,,,,,,,,,,,,,,,
CCOC(=O)NC1=C(N=C(C=C1)NCC2=CC=C(C=C2)F)N,1,,,,,,,,,,,,,,,,,,,
CN(CC1=C(C=CC=C1Cl)NC(=O)C2=CC=CC=C2)CC(=O)N3CCOCC3,1,,,,,,,,,,,,,,,,,,,
C1=CC(=C(C=C1F)F)C(CN2C=NC=N2)(CN3C=NC=N3)OP(=O)(O)O,1,,,,,,,,0,,,0,,,0,,,0,,
C(CO)CSCC(C(=O)O)N,1,0,0,0,0,0,0,0,0,0,0,0,0,0,0,0,0,0,,
CC(C)C(=O)OC(C)OC(=O)NCC1(CCCCC1)CC(=O)O,1,,,,,,,,,,,,,,,,,,,
CCOC(=O)C1=CC=C(C=C1)OC(=O)CCCCCN=C(N)N,1,,,,,,,,,,,,,,,,,,,0
CC1C2=C(CN1)C=C(C=C2)C3=C(C4=C(C=C3)C(=O)C(=CN4C5CC5)C(=O)O)OC(F)F,1,,,,,,,,,,,,,,,,,,,
C(CC(=O)NC(CS)C(=O)NCC(=O)O)C(C(=O)O)N,1,0,0,0,0,0,0,0,0,0,0,0,0,0,0,0,0,0,,
CC1(C2CCC3(C(C2(CCC1OC4C(C(C(C(O4)C(=O)O)O)O)OC5C(C(C(C(O5)C(=O)O)O)O)O)C)C(=O)C=C6C3(CCC7(C6CC(CC7)(C)C(=O)O)C)C)C)C,1,0,0,0,0,0,,0,0,0,0,0,0,0,,,0,,,
CC(CCCC(C)(C)O)N,1,,,,,,,,,,,,,,,,,,,
CCCCN(CCCC)CCC(C1=C2C=CC(=CC2=C3C=C(C=C(C3=C1)Cl)Cl)C(F)(F)F)O,1,,,,,,,,,,,,,,,,,,,
C(C(CO)O)O,1,0,0,0,0,0,,0,0,0,0,0,0,0,0,0,0,,,0
CC1=CC(=O)C2=C(C3=C(C=C(C4=C3C5=C2C1=C6C(=CC(=O)C7=C(C8=C(C=C(C4=C8C5=C67)O)O)O)C)O)O)O,1,,,,,,,,,,,,,,,,,,,1
CC(C)C1=NN2C=CC=CC2=C1C(=O)C(C)C,1,0,1,0,0,0,0,0,0,0,0,0,0,0,0,0,0,0,,0
CC#CCC(C)C(C=CC1C(CC2C1CC(=CCCCC(=O)O)C2)O)O,1,,,,,,,,0,,,0,,,0,,,0,,
C1=CC(=C(C=C1Cl)C2=NC(=NC(=N2)N)N)Cl,1,,,,,,,,,,,,,,,,,,,
CC1(COC(C(C1NC)O)OC2C(CC(C(C2O)OC3C(C(C(C(O3)CN)O)O)O)N)NC(=O)C(CN)O)O,1,,,,,,,,,,,,,,,,,,,
C1C(C2C(O1)C(CO2)O)O,1,0,0,0,0,0,0,0,0,0,0,0,0,0,0,0,0,0,,
CN(C)CCOC1=CC=C(C=C1)CNC(=O)C2=CC(=C(C=C2)OC)OC,1,,,,,,,,,,,,,,,,,,,
C1CCN(CC1)CC2=CC(=NC=C2)OCC=CCNC(=O)CS(=O)CC3=CC=CO3,1,0,0,0,0,0,,0,0,0,0,0,0,0,0,0,0,,,
CC(C)C1C(=O)NC(CSSCC(C(=O)NC(C(=O)NC(C(=O)NC(C(=O)N1)CCCCN)CC2=CNC3=CC=CC=C32)CC4=CC=C(C=C4)O)NC(=O)C(CC5=CC6=CC=CC=C6C=C5)N)C(=O)NC(C(C)O)C(=O)N,1,,,,,,,,,,,,,,,,,,,
CC1=C(C(C(=C(N1)C)C(=O)OC(C)(C)CN(C)CCC(C2=CC=CC=C2)C3=CC=CC=C3)C4=CC(=CC=C4)[N+](=O)[O-])C(=O)OC,1,,,,,,,,,,,,,,,,,,,
C1CN(CCN1CCOCC(=O)O)C(C2=CC=CC=C2)C3=CC=C(C=C3)Cl,1,,,,,,,,,,,,,,,,,,,
C1C(OC(C1F)N2C=NC3=C(N=CN=C32)N)CO,1,,,,,,,,,,,,,,,,,,,
CN1C2=C(C=C(C=C2)Cl)C(=NC(C1=O)O)C3=CC=CC=C3Cl,1,,,,,,,,,,,,,,,,,,,
CN1C(=C(C2=C(S1(=O)=O)C=C(S2)Cl)O)C(=O)NC3=CC=CC=N3,1,,,,,,,,,,,,,,,,,,,
CC(C1=CC=C(C=C1)CC2CCCC2=O)C(=O)O,1,0,0,0,0,0,0,0,0,0,0,0,0,0,0,0,0,0,,0
CC1=C(C(C(=C(N1)C)C(=O)OCCN2CCN(CC2)C(C3=CC=CC=C3)C4=CC=CC=C4)C5=CC(=CC=C5)[N+](=O)[O-])C(=O)OC,1,,,,,,0,,,,,,,,,,,,,
C1CN2C(=N1)C3=CC=CC=C3C2(C4=CC=C(C=C4)Cl)O,1,,,,,,,,,,,,,,,,,,,
CC1=C(C(=O)C2=CC=CC=C2C1=O)CC=C(C)CCC=C(C)CCC=C(C)CCC=C(C)C,1,,,,,,1,,0,,,0,,,0,,,0,,
C1CN2CCC1C(C2)CN3C4=CC=CC=C4SC5=CC=CC=C53,1,1,0,0,0,0,,,0,,,,,,,1,,,,
CS(=O)(=O)C1=CC2=C(C=C1)SC3=CC=CC=C3N2CCCN4CCC(CC4)C(=O)N,1,,,,,,,,,,,,,,,,,,,
C1CCC2CN(CC2C1)C(=O)CC(CC3=CC=CC=C3)C(=O)O,1,,,,,,,,,,,,,,,,,,,
C1=NC(=C(N1C2C(C(C(O2)CO)O)O)O)C(=O)N,1,0,0,0,0,0,,0,0,0,0,0,0,0,0,0,0,0,,0
CCOC(=NC1=C[N+](=NO1)N2CCOCC2)[O-],1,0,0,0,0,0,0,0,0,0,0,0,0,0,0,0,0,0,,0
CC1=NC(=C(C(=N1)Cl)NC2=NCCN2)OC,1,0,0,0,0,0,0,0,0,0,0,0,0,0,0,0,0,0,,0
C1=CC(=CC=C1C(=O)OC2=CC3=C(C=C2)C=C(C=C3)C(=N)N)N=C(N)N,1,,,,,,,,,,,,,,,,,,,
CCN(CC)CCOC(=O)C(CC1CCCO1)CC2=CC=CC3=CC=CC=C32,1,,,,,,1,,,,,,,,,,,,,
CC12CCC3C(C1CCC2O)CCC4=CC(=O)CCC34,1,0,0,1,,,1,1,0,0,1,0,0,1,1,,0,1,,0
CN1CCOC(C2=CC=CC=C2C1)C3=CC=CC=C3,1,,,,,,,,,,,,,,,,,,,0
CCNC1CC(C(C(C1OC2C(C(C(CO2)(C)O)NC)O)O)OC3C(CC=C(O3)CN)N)N,1,,,,,,,,,,,,,,,,,,,
CN1CC(CC2(C1CC3=CN(C4=CC=CC2=C34)C)OC)COC(=O)C5=CC(=CN=C5)Br,1,0,,1,0,1,1,0,0,0,0,0,0,0,0,,0,,,0
C1C(=O)NC2=C(C=C(C=C2)[N+](=O)[O-])C(=N1)C3=CC=CC=C3,1,0,0,0,,0,0,0,0,0,0,0,0,0,0,0,0,0,,1
C1=CC(=CN=C1)C(=O)NCCO[N+](=O)[O-],1,0,0,0,0,0,0,0,0,0,0,0,0,0,0,0,0,,,0
CCOC(=O)C1=C(NC(=C(C1C2=CC(=CC=C2)[N+](=O)[O-])C(=O)OC)C)C,1,0,0,1,1,1,1,0,,0,0,0,0,,1,0,0,,,0
C1C(=O)NC2=C(C=C(C=C2)Cl)C(=N1)C3=CC=CC=C3,1,,,,,,,,0,,,0,,,1,,,,,
CC12CCC3C(C1CCC2(C#C)O)CCC4=CC(=O)CCC34,1,0,0,1,1,1,1,1,0,0,1,0,0,1,1,,0,1,,
CN(C)CCC=C1C2=CC=CC=C2COC3=C1C=C(C=C3)CC(=O)O,1,,,,,,,,,,,,,,,,,,,
C1CN(CCN1CCCN2C3=CC=CC=C3NC2=O)C(C4=CC=CC=C4)C5=CC=CC=C5,1,1,0,,1,0,1,,0,0,0,,,1,1,0,,,,0
CCCCC1C(=O)N(N(C1=O)C2=CC=C(C=C2)O)C3=CC=CC=C3,1,,0,1,1,1,1,,0,0,,,,1,,0,0,,,
C1=CC(=CC=C1CN2C=CN=C2)C=CC(=O)O,1,,,,,,,,,,,,,,,,,,,
C1=CC=C(C=C1)CCN=C(N)N=C(N)N,1,,,,,,,,,,,,,,,,,,,0
CC1COC2=C3N1C=C(C(=O)C3=CC(=C2C4(CC4)N)F)C(=O)O,1,0,0,0,,0,0,0,0,0,0,0,0,0,0,0,0,0,,
CCC(CC)C(C1C(CC(C1O)C(=O)O)N=C(N)N)NC(=O)C,1,,,,,,,,,,,,,,,,,,,
CCC(C1=CC=CC=C1)C2=C(C3=CC=CC=C3OC2=O)O,1,,,,,,,,,,,,,,,,,,,
CNCC(C1=CC(=CC=C1)O)O,1,,,,,,,,,,,,,,,,,,,
C1=C(C=C(C=C1O)O)O,1,,,,,,,,,,,,,,,,,,,
C1=CC(=CN=C1)CN,1,0,,1,0,1,0,0,0,0,0,0,0,0,0,0,0,0,,
CC1=C(C(=CC=C1)C)NC(=O)CC23CCCN2CCC3,1,0,0,0,0,0,0,0,0,0,0,0,0,0,0,0,0,,,
CCC1C=C(CC(CC(C2C(CC(C(O2)(C(=O)C(=O)N3CCCCC3C(=O)OC(C(C(CC1=O)O)C)C(=CC4CCC(C(C4)OC)Cl)C)O)C)OC)OC)C)C,1,,,,,,,,,,,,,,,,,,,
CC1(C2CCC(C1C2)CCOCC[N+]3(CCOCC3)CC4=CC(=C(C=C4Br)OC)OC)C,1,,,,,,,,,,,,,,,,,,,
C1CC(=O)N(C1)CC(=O)N,1,0,0,0,0,0,0,0,0,0,0,0,,0,0,0,0,0,1,0
CC(=O)C1=CC2=C(C=C1)SC3=CC=CC=C3N2CCCN4CCC(CC4)CCO,1,0,,0,0,0,1,0,0,0,0,0,,0,0,,,,,0
C1CN(CCN1C(=O)CCBr)C(=O)CCBr,1,0,,0,0,0,1,1,0,0,0,0,0,0,0,0,0,0,,
CC1C(C(CC(O1)OC2CC(CC3=C2C(=C4C(=C3O)C(=O)C5=C(C4=O)C(=CC=C5)OC)O)(C(=O)CO)O)N)OC6CCCCO6,1,1,0,,1,1,1,,0,,,0,0,1,,,,,,
CC(C1=CC2=C(C=C1)OC3=C(C2)C=CC=N3)C(=O)O,1,0,0,0,0,0,0,0,0,0,0,0,0,0,0,0,,0,,
C1CC1CN2C(=O)CN=C(C3=C2C=CC(=C3)Cl)C4=CC=CC=C4,1,0,,1,1,,,1,0,,0,0,0,1,,0,1,1,,
CCN(CC)CC(=O)OC1=CC=C(C=C1)NC(=O)C,1,0,0,0,0,0,0,0,,0,0,,0,0,,0,0,,,
CCCOC(C1=CC=CC=C1)(C2=CC=CC=C2)C(=O)OC3CCN(CC3)C,1,,,,,,,,,,,,,,,,,,,
CC1=NC2=C(C=C(C=C2)CN(C)C3=CC=C(S3)C(=O)NC(CCC(=O)O)C(=O)O)C(=O)N1,1,0,,0,0,0,0,0,0,0,0,,0,,0,0,0,,,
C1CC1C(C2CC2)NC3=NCCO3,1,0,0,0,0,0,0,0,0,0,0,,0,0,1,0,0,1,,0
C1=CC=C2C(=C1)C(=CC(=O)N2)CC(C(=O)O)NC(=O)C3=CC=C(C=C3)Cl,1,0,0,0,0,0,0,,0,,0,0,0,0,0,,0,0,,0
C1COCC(=O)N1C2=CC=C(C=C2)N3CC(OC3=O)CNC(=O)C4=CC=C(S4)Cl,1,,,,,,,,,,,,,,,,,,,
C1CCN(CC1)CC2=CC(=CC=C2)OCCCNC(=O)CO,1,,,,,,,,,,,,,,,,,,,
C1=CC=C(C(=C1)C(=O)O)O,1,0,0,0,0,,,0,0,0,0,0,0,0,0,0,0,0,,
CN(C)CC(COC1=CC=CC=C1CCC2=CC(=CC=C2)OC)OC(=O)CCC(=O)O,1,,,,,,,,,,,,,,,,,,,
CC(=CCOC1=CC=C(C=C1)C=CC(=O)C2=C(C=C(C=C2)OCC=C(C)C)OCC(=O)O)C,1,0,0,,1,0,1,1,0,0,,,0,,1,,1,,,1
CC1CN(CC(N1)C)C2=C(C(=C3C(=C2F)N(C=C(C3=O)C(=O)O)C4CC4)N)F,1,0,0,0,0,0,0,0,0,0,0,0,0,0,0,,0,0,,
CC1=CC(=NO1)NS(=O)(=O)C2=CC=C(C=C2)N,1,0,0,,,0,0,0,0,0,0,0,0,0,0,0,0,0,1,0
CCN1CCCC1CNC(=O)C2=C(C=CC(=C2)S(=O)(=O)N)OC,1,0,,0,,0,,0,0,0,0,0,0,0,0,0,0,0,,0
CCOCC(COC1=CC=C(C=C1)NC(=O)CC[S+](C)C)O,1,,,,,,,,,,,,,,,,,,,
C1CC2CC1C3C2C(=O)N(C3=O)CCCCN4CCN(CC4)C5=NC=CC=N5,1,0,0,0,0,1,1,0,0,,0,0,0,0,0,0,0,0,,
CCCC(C(=O)C(=O)NC1CC1)NC(=O)C2C3CCCC3CN2C(=O)C(C(C)(C)C)NC(=O)C(C4CCCCC4)NC(=O)C5=NC=CN=C5,1,,,,,,,,,,,,,,,,,,,
CCOC(=O)C(CCC1=CC=CC=C1)NC2CSC(CN(C2=O)CC(=O)O)C3=CC=CS3,1,,,,,,1,,,,,,,,,,,,,
CC(=CCCC(=CCCC(=CCCC(=CCCC(=O)C)C)C)C)C,1,0,,,1,,,,0,0,0,0,0,0,0,0,0,,,
CN1C=NC2=C1C(=O)NC(=O)N2C,1,0,,0,,0,,,0,0,0,0,0,0,0,0,0,0,,0
CC(=O)NC1CCC2=CC(=C(C(=C2C3=CC=C(C(=O)C=C13)SC)OC)OC)OC4C(C(C(C(O4)CO)O)O)O,1,,,,,,,,0,,,0,,,0,,,0,,
CCN(CC)CCNC(=O)C1=C(C=CC(=C1)S(=O)(=O)C)OC,1,,,,,,,,,,,,,,,,,,,0
CC(C1=CC=C(S1)C(=O)C2=CC=CC=C2)C(=O)O,1,0,1,1,1,0,0,,,0,0,0,1,0,0,0,0,0,,
CC1=C(C(=CC=C1)C)NC(=O)C(C)N,1,,,,,,,,,,,,,,,,,,,
C[N+]12CCCCC1CCC(=C(C3=CC=CS3)C4=CC=CS4)C2,1,,,,,,,,,,,,,,,,,,,
CC1=CC2=C(C3C4C5C6=C(C(=C7C(=C6C(N4C(C(C2)N3C)O)COC(=O)C8(CS5)C9=CC(=C(C=C9CCN8)O)OC)OCO7)C)OC(=O)C)C(=C1OC)O,1,,,,,,,,0,,,,,,,,,,,
COC1=C(C=C(C=C1)C=CC(=O)NC2=CC=CC=C2C(=O)O)OC,1,,,,,,,,0,,,,,,,,,1,,0
CCN(CC)C1=CC(=NC2=NC=NN12)C,1,0,1,0,0,0,1,0,0,0,0,0,0,,0,0,0,0,,0
C1=C2C(=CC(=C1Cl)S(=O)(=O)N)S(=O)(=O)NC(N2)C(Cl)Cl,1,0,0,,0,0,0,,0,0,0,0,0,0,0,,0,0,0,0
CCC(COC(=O)C1=CC(=C(C(=C1)OC)OC)OC)(C2=CC=CC=C2)N(C)C,1,,,,,,,,,,,,,,,,,,,
COC1=C(C(=C(C=C1)CN2CCNCC2)OC)OC,1,,,,,,,,,,,,,,,,,,,0
COC1=CC(=CC(=C1OC)OC)C(=O)NC2CCCNC2,1,0,1,0,,0,1,0,0,0,0,0,0,0,0,0,0,0,,
CCCC(CCC)C(=O)N,1,,,,,,0,,0,,,0,,,0,,,0,,
CN1C(=CC(=O)N(C1=O)C)NCCCN2CCN(CC2)C3=CC=CC=C3OC,1,,,,,,,,0,,,0,,,0,,,0,,0
C1C(C(C(C(C1(CO)O)O)O)O)NC(CO)CO,1,0,0,0,0,0,0,1,0,0,0,0,0,0,0,0,0,0,,
CCC1(CC2CC(C3=C(CCN(C2)C1)C4=CC=CC=C4N3)(C5=C(C=C6C(=C5)C78CCN9C7C(C=CC9)(C(C(C8N6C)(C(=O)N)O)O)CC)OC)C(=O)OC)O,1,,,,,,,,,,,,,,,,,,,
CCCS(=O)(=O)NC1=C(C(=C(C=C1)F)C(=O)C2=CNC3=C2C=C(C=N3)C4=CC=C(C=C4)Cl)F,1,,,,,,,,,,,,,,,,,,,
CC1=CC(=CC(=C1CC2=NCCN2)C)C(C)(C)C,1,,,,,,,,,,,,,,,,,,,0
CC(C1=CC2=C(C=C1)SC3=CC=CC=C3C(=O)C2)C(=O)O,1,0,,0,,0,,0,0,0,0,1,0,0,0,0,1,,,
CN1CCN(CC1)C(=O)OC2C3=NC=CN=C3C(=O)N2C4=NC=C(C=C4)Cl,1,,,,,,,,,,,,,,,,,,,0
